form,label,counts
trump,the_gioi,74
ngọc,doi_song,58
phương,doi_song,39
hồ_duy_hải,phap_luat,24
joe_biden,the_gioi,22
diệu_linh,suc_khoe,21
mai_phương,doi_song,20
hải,phap_luat,19
phanxicô,the_gioi,19
lynk_lee,van_hoa,18
nguyễn_hoà_bình,phap_luat,17
hanna,phap_luat,17
michael,phap_luat,16
khởi_my,doi_song,16
jack,van_hoa,15
nguyễn_an,chinh_tri_xa_hoi,15
lê_đình_kình,phap_luat,15
nguyễn_trãi,vi_tinh,15
lý_nam_đế,vi_tinh,15
chi_minh_city,vi_tinh,15
tùng,doi_song,14
kelvin_khánh,doi_song,13
asia_times,the_gioi,12
mai_phương,phap_luat,12
james,suc_khoe,12
y_tý,chinh_tri_xa_hoi,12
obama,the_gioi,12
toi,doi_song,12
biden,the_gioi,11
đoàn,chinh_tri_xa_hoi,11
jack,vi_tinh,11
cường,chinh_tri_xa_hoi,11
viên_cung_di,the_gioi,11
muội_muội,suc_khoe,10
danh,doi_song,10
mai_phương,van_hoa,10
thuc,doi_song,10
minh_long,suc_khoe,10
phùng_ngọc_huy,phap_luat,10
chíp,suc_khoe,10
tuấn,phap_luat,10
lavie,doi_song,10
tuân,phap_luat,9
pompeo,the_gioi,9
lưu_ý,vi_tinh,9
floyd,the_gioi,9
đông_nhi,suc_khoe,9
bannon,the_gioi,9
an,doi_song,9
trấn_thành,van_hoa,9
mi,doi_song,8
tuấn,suc_khoe,8
lighthizer,the_gioi,8
viber,chinh_tri_xa_hoi,8
mến,doi_song,8
sơn_tùng,van_hoa,8
đặng_văn_ngữ,chinh_tri_xa_hoi,8
lê_giang,van_hoa,8
trang,vi_tinh,8
lương,chinh_tri_xa_hoi,8
gunner,vi_tinh,7
êlisê,doi_song,7
tuỳ,vi_tinh,7
du,chinh_tri_xa_hoi,7
l,phap_luat,7
diệu_linh,van_hoa,7
chân_nhi,vi_tinh,7
lê_anh_hùng,phap_luat,7
diệu_anh,doi_song,7
đại_hiệp,vi_tinh,7
willian,the_thao,7
hải,doi_song,7
hương_mi,chinh_tri_xa_hoi,7
tommy_hilfiger,vi_tinh,6
đay,doi_song,6
borrell,the_gioi,6
chi_tiết,vi_tinh,6
tập_cận_bình,the_gioi,6
vie_network,vi_tinh,6
duoi,doi_song,6
đàm_vĩnh_hưng,vi_tinh,6
kình,phap_luat,6
freelook,vi_tinh,6
tiểu_đường,chinh_tri_xa_hoi,6
bình,phap_luat,6
sơn_tùng_m-tp,doi_song,6
mike_pompeo,the_gioi,6
lý,doi_song,6
malik,van_hoa,6
hồ_chí_minh,chinh_tri_xa_hoi,6
isaac,van_hoa,6
hack_não,chinh_tri_xa_hoi,6
molto,chinh_tri_xa_hoi,6
mazzola,chinh_tri_xa_hoi,6
ferrari,vi_tinh,6
linh,doi_song,6
trump,vi_tinh,6
khởi_my,van_hoa,6
donald_trump,the_gioi,6
trắng_hoa_tuyết,vi_tinh,5
trương_trọng_nghĩa,chinh_tri_xa_hoi,5
thanh_tùng,van_hoa,5
the,doi_song,5
phương,suc_khoe,5
minh_tú,chinh_tri_xa_hoi,5
long_bien,vi_tinh,5
thiên_an,chinh_tri_xa_hoi,5
thành,doi_song,5
loan,doi_song,5
chi,doi_song,5
tiểu_lý,doi_song,5
tron,doi_song,5
giá,vi_tinh,5
bi,doi_song,5
lavie,phap_luat,5
a,doi_song,5
lacoste,vi_tinh,5
lynk_lee,doi_song,5
me,doi_song,5
đức_thánh_cha,chinh_tri_xa_hoi,5
luc,doi_song,5
totoshop,vi_tinh,5
nghe,doi_song,5
hậu,suc_khoe,5
sơn,phap_luat,5
rohit,vi_tinh,5
phùng_ngọc_huy,doi_song,5
steve_bannon,the_gioi,5
george_floyd,the_gioi,5
erik,van_hoa,5
hồng,doi_song,5
đen_ngọc_trai,vi_tinh,5
website,vi_tinh,5
hon,doi_song,5
tan_phu,vi_tinh,5
hương_giang,van_hoa,5
phim-review,vi_tinh,5
nguyễn_văn_hùng,chinh_tri_xa_hoi,5
s_ca,doi_song,5
ngọc,vi_tinh,5
yoriko,khoa_hoc,5
yohan,van_hoa,5
vincom_trần_duy_hưng,vi_tinh,5
hung,phap_luat,5
na_young,suc_khoe,5
dương,doi_song,5
dương_khiết_trì,the_gioi,5
muốn_hẹn_hò,vi_tinh,5
sơn_tùng,chinh_tri_xa_hoi,5
chung_anh,van_hoa,5
dương_triệu_vũ,vi_tinh,5
ve,doi_song,5
viber,suc_khoe,5
hillary_clinton,the_gioi,5
vincom_pham_ngoc_thach,vi_tinh,5
đại_chiến,chinh_tri_xa_hoi,5
vincom_thao_dien,vi_tinh,5
tom_sawyer,van_hoa,4
nhã_phương,van_hoa,4
bình,doi_song,4
phúc_du,chinh_tri_xa_hoi,4
tony,van_hoa,4
oanh,van_hoa,4
m-tp,doi_song,4
cao_thắng,suc_khoe,4
nấm_việt_hà_thành,doi_song,4
now_delivery,vi_tinh,4
tiênggg,vi_tinh,4
rashford,vi_tinh,4
lương_hữu_phước,phap_luat,4
realme,vi_tinh,4
chấn,phap_luat,4
rhymastic,vi_tinh,4
mtl,phap_luat,4
thuỷ_tiên,chinh_tri_xa_hoi,4
ngô_thanh_vân,van_hoa,4
superman,van_hoa,4
bạch_tuyết,doi_song,4
phạm_văn_đồng,chinh_tri_xa_hoi,4
mua_thẻ_zing,vi_tinh,4
t,phap_luat,4
băc,phap_luat,4
minh,chinh_tri_xa_hoi,4
bảo_thy,van_hoa,4
phúc,the_gioi,4
thu,doi_song,4
sĩ_thanh,vi_tinh,4
nguyễn_gia_trí,van_hoa,4
seriea,vi_tinh,4
song_tử,vi_tinh,4
song_tử,doi_song,4
bùi_sỹ_tiêm,chinh_tri_xa_hoi,4
nguyễn_thiện_nhân,chinh_tri_xa_hoi,4
thy,vi_tinh,4
clinton,the_gioi,4
nguyễn_xuân_đoàn,chinh_tri_xa_hoi,4
silver,chinh_tri_xa_hoi,4
shopee,vi_tinh,4
shopee,chinh_tri_xa_hoi,4
sơn_tùng_m-tp,van_hoa,4
dinh_hương,chinh_tri_xa_hoi,4
barack,van_hoa,4
avengers,van_hoa,4
jurgen_klopp,the_thao,4
hoàng_thuỳ,van_hoa,4
hoàng,chinh_tri_xa_hoi,4
đat,vi_tinh,4
khánh_thi,van_hoa,4
hotline_shop,vi_tinh,4
foxy,vi_tinh,4
bao,chinh_tri_xa_hoi,4
hoa_hồng_xanh,vi_tinh,4
hn,chinh_tri_xa_hoi,4
xet,chinh_tri_xa_hoi,4
đôi_khi,doi_song,4
hiệp_hoà,chinh_tri_xa_hoi,4
barack_obama,van_hoa,4
tõn,doi_song,4
vascara,vi_tinh,4
joy,doi_song,4
lam_trang,van_hoa,4
aslam,the_gioi,4
hà_nội,chinh_tri_xa_hoi,4
hà,doi_song,4
website,chinh_tri_xa_hoi,4
huỳnh_văn_bánh,chinh_tri_xa_hoi,4
vũ_đức_đam,chinh_tri_xa_hoi,4
hồng,phap_luat,4
en,chinh_tri_xa_hoi,4
hudson-odoi,the_gioi,4
việt_phú_cinema,doi_song,4
jake,van_hoa,4
zalo_chat,vi_tinh,4
êlia,doi_song,4
viên,the_gioi,4
james_harrison,suc_khoe,4
vincom_thái_bình,chinh_tri_xa_hoi,4
tóc_tiên_clear_head,vi_tinh,4
hương,doi_song,4
đức_thánh_cha,doi_song,4
trang,chinh_tri_xa_hoi,4
lđk,phap_luat,4
ly,doi_song,4
địa,vi_tinh,4
lucas,chinh_tri_xa_hoi,4
diana,vi_tinh,4
đức_thắng,chinh_tri_xa_hoi,4
link_page,vi_tinh,4
beta_member,chinh_tri_xa_hoi,4
transform_career,vi_tinh,4
transform_u,vi_tinh,4
gray,chinh_tri_xa_hoi,4
địa,chinh_tri_xa_hoi,4
trần_hồng_hà,chinh_tri_xa_hoi,4
lưu_ý,doi_song,4
dakini,doi_song,4
triệu,chinh_tri_xa_hoi,4
highlands_coffee,doi_song,4
leung,the_gioi,4
trump,van_hoa,4
husky,doi_song,3
oanh,vi_tinh,3
hutchinson,the_gioi,3
glaser,the_gioi,3
huấn,doi_song,3
nguyễn_đăng_huy,vi_tinh,3
gia,vi_tinh,3
gipsy_danger,van_hoa,3
nguyễn_xuân_phúc,the_gioi,3
nguyện_hạnh,khoa_hoc,3
phát_lộc,vi_tinh,3
phúc,phap_luat,3
golden_line,suc_khoe,3
gaia,doi_song,3
hay,chinh_tri_xa_hoi,3
chu,vi_tinh,3
fresa,suc_khoe,3
hotline,chinh_tri_xa_hoi,3
nấm_việt,doi_song,3
năm_sinh,vi_tinh,3
phan,vi_tinh,3
hari_won,van_hoa,3
hoàng_dũng,the_gioi,3
happy,van_hoa,3
hoàng_đức_thắng,phap_luat,3
chúa_giêsu,chinh_tri_xa_hoi,3
phùng_hữu_phú,the_gioi,3
gerald_ford,the_gioi,3
daily_open,vi_tinh,3
nam,vi_tinh,3
co,doi_song,3
mai_phương,the_thao,3
minh,doi_song,3
dung_hoạ,van_hoa,3
dominic_raab,the_gioi,3
lingerie,vi_tinh,3
mcdonalds,doi_song,3
link,vi_tinh,3
mark_twain,van_hoa,3
liu_he,the_gioi,3
loan,phap_luat,3
luân_công,the_gioi,3
mai,vi_tinh,3
hương_giang,chinh_tri_xa_hoi,3
mai,suc_khoe,3
ma,vi_tinh,3
lâm_gia_thiện,the_gioi,3
dawn_valadez,vi_tinh,3
lộc,chinh_tri_xa_hoi,3
lạc,the_gioi,3
lương_tâm,khoa_hoc,3
lưu,chinh_tri_xa_hoi,3
lưu_bình_nhưỡng,chinh_tri_xa_hoi,3
danh,chinh_tri_xa_hoi,3
kristy,suc_khoe,3
klopp,the_thao,3
kim_yo_jong,the_gioi,3
kim_jong_un,the_gioi,3
nguyễn_thị_kim_ngân,chinh_tri_xa_hoi,3
nguyễn_quang_a,the_gioi,3
nguyễn_minh_cường,vi_tinh,3
eva,doi_song,3
nguyễn_lộc,chinh_tri_xa_hoi,3
hồng_anh,doi_song,3
conan,vi_tinh,3
jack,doi_song,3
nam_anh,doi_song,3
daisy,chinh_tri_xa_hoi,3
my,vi_tinh,3
judy_a_sgro,chinh_tri_xa_hoi,3
kelvin_khánh,van_hoa,3
my,doi_song,3
khánh,doi_song,3
khánh,van_hoa,3
dũng,chinh_tri_xa_hoi,3
mua_thẻ_zing,chinh_tri_xa_hoi,3
mourinho,the_thao,3
kim_bum,van_hoa,3
minh_tú,van_hoa,3
ms_hoa,chinh_tri_xa_hoi,3
giang,doi_song,3
bibo,doi_song,3
spa,chinh_tri_xa_hoi,3
yang,chinh_tri_xa_hoi,3
yang_spa,chinh_tri_xa_hoi,3
thẳng_thắn,doi_song,3
bach_mai,vi_tinh,3
tiêu_tương_đông_qua,vi_tinh,3
tony_stark,van_hoa,3
ông_địa,vi_tinh,3
toà_thánh,the_gioi,3
shop_hải_phòng,vi_tinh,3
từ,chinh_tri_xa_hoi,3
tập,the_gioi,3
ae__an,chinh_tri_xa_hoi,3
đuc,phap_luat,3
cao,doi_song,3
samfan,vi_tinh,3
sam,chinh_tri_xa_hoi,3
trinh,chinh_tri_xa_hoi,3
adele,the_gioi,3
trinh,vi_tinh,3
song_joong_ki,vi_tinh,3
ssstutter,doi_song,3
trinie_trần,doi_song,3
bắc_việt,van_hoa,3
vũ_khắc_tiệp,van_hoa,3
thanh_bí_phô_mai,vi_tinh,3
techzones,vi_tinh,3
tam_hoa,vi_tinh,3
võ_văn_hưng,chinh_tri_xa_hoi,3
weki_meki,chinh_tri_xa_hoi,3
wood,khoa_hoc,3
vân,vi_tinh,3
thu,phap_luat,3
viêt,phap_luat,3
arakawa,khoa_hoc,3
xem,vi_tinh,3
sơn_thạch,van_hoa,3
sóng_vieon,van_hoa,3
thái_anh_văn,the_gioi,3
ancarat,doi_song,3
thì,doi_song,3
step_up,chinh_tri_xa_hoi,3
yan_digital,doi_song,3
đăc,vi_tinh,3
thanh_duy,van_hoa,3
trần_ngọc_phúc,phap_luat,3
tân_phát_địa,the_gioi,3
tóc_thảo_tây,suc_khoe,3
beta_member,doi_song,3
quyền_linh,vi_tinh,3
a,phap_luat,3
địa,doi_song,3
răng,suc_khoe,3
đồng_tâm,phap_luat,3
tuấn_khôi,van_hoa,3
trấn_thành,chinh_tri_xa_hoi,3
trường_giang,doi_song,3
phật_tính,khoa_hoc,3
bernhard_schlink,phap_luat,3
đức_tgm_celli,the_gioi,3
trương_bảo_như,doi_song,3
cedric_bartee,vi_tinh,3
pique_online,vi_tinh,3
bibomart,vi_tinh,3
đại_nhân,van_hoa,3
phạm_chí_dũng,chinh_tri_xa_hoi,3
đức_bo,doi_song,3
richard_gombrich,vi_tinh,3
tô,vi_tinh,3
đổ,doi_song,3
quỳnh_hoa,van_hoa,3
tóc_tiên,suc_khoe,3
quẹo,doi_song,3
bob_lighthizer,the_gioi,3
ponagar_phú_quốc,vi_tinh,3
trần_đình_thu,chinh_tri_xa_hoi,3
đức,chinh_tri_xa_hoi,3
vie_network,doi_song,2
vietnammm,vi_tinh,2
jennie,doi_song,2
vario,van_hoa,2
tuấn_anh,chinh_tri_xa_hoi,2
ko,chinh_tri_xa_hoi,2
vui,vi_tinh,2
vinh_long_radio,vi_tinh,2
vinwonders,doi_song,2
trịnh_sảng,van_hoa,2
jun,chinh_tri_xa_hoi,2
len,phap_luat,2
trắng_trendy,vi_tinh,2
văn_hậu,the_thao,2
hồng_vân,vi_tinh,2
hồng_vân,van_hoa,2
hồng_crush_trendy,vi_tinh,2
trắng_moonstone,vi_tinh,2
vũ_hà,vi_tinh,2
hồng,vi_tinh,2
vap,chinh_tri_xa_hoi,2
k,phap_luat,2
jun,doi_song,2
ultimate_fun,vi_tinh,2
tùng,vi_tinh,2
tú,chinh_tri_xa_hoi,2
tùng,van_hoa,2
kubaton,vi_tinh,2
kim_yo-jong,the_gioi,2
kim_sang,phap_luat,2
tăng_thanh_hà,van_hoa,2
kim_jong-un,the_gioi,2
tư,doi_song,2
tư_vui,vi_tinh,2
vũ_thị_huế,van_hoa,2
không_sai,van_hoa,2
không_gian_dương,khoa_hoc,2
ung_văn_khiêm,chinh_tri_xa_hoi,2
jun_phạm,van_hoa,2
username_shopee,chinh_tri_xa_hoi,2
khoan_mẫn,the_gioi,2
l,vi_tinh,2
uyên,van_hoa,2
tâm,doi_song,2
kay_trần,chinh_tri_xa_hoi,2
uốn,chinh_tri_xa_hoi,2
lady_gaga,the_thao,2
lam_anh,vi_tinh,2
k-icm,vi_tinh,2
jurgen_klopp,van_hoa,2
v,doi_song,2
lan_ngọc,chinh_tri_xa_hoi,2
tải_app_ngay,vi_tinh,2
phương_nam,van_hoa,2
vương_quốc_anh,the_gioi,2
hiền_hồ,doi_song,2
đặng_đình_mạnh,phap_luat,2
hay,vi_tinh,2
hcm,the_gioi,2
hebora_premium,suc_khoe,2
heo_hồng,vi_tinh,2
hieu,vi_tinh,2
đăng,vi_tinh,2
đăng,chinh_tri_xa_hoi,2
hl_college_road,vi_tinh,2
hoà,vi_tinh,2
đung,doi_song,2
hoa_nở_không_màu,vi_tinh,2
đouma,doi_song,2
đinh_duy_vượt,chinh_tri_xa_hoi,2
hotline,doi_song,2
hotline,vi_tinh,2
đia,chinh_tri_xa_hoi,2
đen_funky,vi_tinh,2
harper,van_hoa,2
địa_điểm,vi_tinh,2
haizz,doi_song,2
hair,vi_tinh,2
giang_thanh_nguyễn,chinh_tri_xa_hoi,2
gin_tuan_kiet,vi_tinh,2
ưu_đãi,doi_song,2
đức_thế_tôn,khoa_hoc,2
giuse_trương_hoàng_vũ,vi_tinh,2
đức_thánh_cha_phanxicô,doi_song,2
gofood,vi_tinh,2
đức_tgm_claudio_maria_celli,the_gioi,2
grabfood,doi_song,2
green,chinh_tri_xa_hoi,2
đức_phanxicô,the_gioi,2
guardiola,the_thao,2
gunny,vi_tinh,2
h__hen_niê,vi_tinh,2
ha_noi,chinh_tri_xa_hoi,2
đồng_tâm,the_gioi,2
hai,phap_luat,2
hotsales,vi_tinh,2
đam_mê,van_hoa,2
hồ_quý_ly,chinh_tri_xa_hoi,2
xanh_dazzle_blue,vi_tinh,2
xuân_đức,doi_song,2
huỳnh_văn_bánh,suc_khoe,2
xuân_thảo,doi_song,2
hà_nội,suc_khoe,2
hè,chinh_tri_xa_hoi,2
trần_đức_thạch,chinh_tri_xa_hoi,2
hùng,phap_luat,2
xem,chinh_tri_xa_hoi,2
xanh_crush,vi_tinh,2
hoàng_bách,van_hoa,2
hạnh,doi_song,2
hạnh,khoa_hoc,2
wang,the_gioi,2
hằng,phap_luat,2
hằng_trần,van_hoa,2
walt,doi_song,2
walk_destin,vi_tinh,2
vị_công,khoa_hoc,2
huỳnh_lập,van_hoa,2
huỳnh_anh,van_hoa,2
xốt_tiêu,vi_tinh,2
huấn,chinh_tri_xa_hoi,2
đam,chinh_tri_xa_hoi,2
đa_nang,chinh_tri_xa_hoi,2
hoàng_yến,vi_tinh,2
zidane,the_thao,2
yênli,doi_song,2
hoạ_mi,doi_song,2
hoạ_mi,phap_luat,2
hoạ_mi,van_hoa,2
htc,vi_tinh,2
yokohama_town,vi_tinh,2
httpbitlyvinhlongtv,vi_tinh,2
yes_study,chinh_tri_xa_hoi,2
husky_hero,doi_song,2
yan_netizen,vi_tinh,2
huy,phap_luat,2
huy_vu,vi_tinh,2
huyền_trang,doi_song,2
hùng,chinh_tri_xa_hoi,2
lynk_lee,the_thao,2
trần_đức_long,phap_luat,2
ngân,chinh_tri_xa_hoi,2
skytour,van_hoa,2
siêu_nét,vi_tinh,2
siêu_mượt,vi_tinh,2
shopee,van_hoa,2
nguyễn_đới_chung_anh,van_hoa,2
nguyễn_đức_cảnh,chinh_tri_xa_hoi,2
nguôn,chinh_tri_xa_hoi,2
ngài,doi_song,2
ngân,doi_song,2
socar_mall,van_hoa,2
ngân_quỳnh,suc_khoe,2
ngô_kiến_huy,chinh_tri_xa_hoi,2
ngô_kiến_huy,van_hoa,2
sentinel_prime,vi_tinh,2
ngươi,chinh_tri_xa_hoi,2
san,vi_tinh,2
người,chinh_tri_xa_hoi,2
ngẫm,doi_song,2
nguyễn_văn_khải,chinh_tri_xa_hoi,2
software_academy,vi_tinh,2
ngọc,phap_luat,2
nguyen_minh_cuong,vi_tinh,2
navarro,the_gioi,2
ncov,the_gioi,2
nem,doi_song,2
nghe,chinh_tri_xa_hoi,2
super_seven,khoa_hoc,2
nghiêm,phap_luat,2
nghĩa,chinh_tri_xa_hoi,2
ngoại_hạng_anh,the_thao,2
stacker_pentecost,van_hoa,2
nguyễn_tường_thuỵ,chinh_tri_xa_hoi,2
nguyễn_minh_cường,van_hoa,2
song_nhu,vi_tinh,2
nguyễn_ngọc_già,phap_luat,2
nguyễn_phú_trọng,chinh_tri_xa_hoi,2
nguyễn_thanh_chấn,phap_luat,2
song,doi_song,2
song,chinh_tri_xa_hoi,2
somin,doi_song,2
samuel,suc_khoe,2
ngọc_trinh,chinh_tri_xa_hoi,2
linh,van_hoa,2
phạm_đoan_trang,the_gioi,2
phan_duy_anh,vi_tinh,2
phan_hiển,van_hoa,2
giang_h,doi_song,2
phim-review,van_hoa,2
pogba,the_thao,2
phong,van_hoa,2
pli,vi_tinh,2
phùng_ngọc_huy,chinh_tri_xa_hoi,2
phúc,doi_song,2
pelosi,the_gioi,2
phạm_trương_bình,van_hoa,2
phạm_hữu_tâm,vi_tinh,2
phạm_hữu_chí,vi_tinh,2
phạm_hồng_phong,phap_luat,2
phúc_du,doi_song,2
phúc_âm,doi_song,2
phạm_công_út,phap_luat,2
phạm_chí_thành,chinh_tri_xa_hoi,2
power_rangers,van_hoa,2
patrick_sibomana,vi_tinh,2
ngọc_trinh,vi_tinh,2
rest,suc_khoe,2
nhi,suc_khoe,2
nhã_nam,van_hoa,2
nhã_phương,doi_song,2
sakura_yoshino,suc_khoe,2
nicky,van_hoa,2
now,doi_song,2
noway,vi_tinh,2
richard_francis_gombrich,vi_tinh,2
ramin_djawadi,van_hoa,2
park_hang_seo,the_thao,2
quỳnh_anh_shyn,van_hoa,2
obama,van_hoa,2
official_photo,vi_tinh,2
pacific_rim,van_hoa,2
quang_hải,van_hoa,2
pacific_rim_uprising,van_hoa,2
park,doi_song,2
park_hang-seo,the_thao,2
nang,chinh_tri_xa_hoi,2
nam_phùng,van_hoa,2
sóng_vieon,vi_tinh,2
tram_van_khanh,chinh_tri_xa_hoi,2
lý_luận,the_gioi,2
tran_van_nhanh,chinh_tri_xa_hoi,2
lý_nhã_kỳ,van_hoa,2
tran_van_khanh,chinh_tri_xa_hoi,2
tran_van_khang,chinh_tri_xa_hoi,2
tran_van_chanh,chinh_tri_xa_hoi,2
lưu_ý,chinh_tri_xa_hoi,2
tran_an_khanh,chinh_tri_xa_hoi,2
toàn,chinh_tri_xa_hoi,2
lê_ngọc_hoàng,phap_luat,2
lưu_ý,the_thao,2
lưu_ý,van_hoa,2
topdev_tv,vi_tinh,2
top_comments,doi_song,2
tony,doi_song,2
tiên,vi_tinh,2
tiktok,vi_tinh,2
thọ,doi_song,2
tran_van_thanh,chinh_tri_xa_hoi,2
lê_ngọc_hoàng,chinh_tri_xa_hoi,2
na_lam_nhạc,van_hoa,2
trà_sữa_cho_tâm_hồn,van_hoa,2
trần_maicô,chinh_tri_xa_hoi,2
trấn_thành,doi_song,2
trường_giang,van_hoa,2
long,van_hoa,2
trường_giang,chinh_tri_xa_hoi,2
loreto,doi_song,2
lotte_mart,chinh_tri_xa_hoi,2
trương_văn_sơn,phap_luat,2
trà_sữa,van_hoa,2
lê_anh_tuấn,chinh_tri_xa_hoi,2
truyen_hinh_vinh_long,vi_tinh,2
trung,chinh_tri_xa_hoi,2
phương_ly,vi_tinh,2
trump,chinh_tri_xa_hoi,2
lynk_lee,vi_tinh,2
là_khủng_long,van_hoa,2
tron,chinh_tri_xa_hoi,2
troi,doi_song,2
ma,doi_song,2
thắng,doi_song,2
thảo,chinh_tri_xa_hoi,2
tam_bảo,chinh_tri_xa_hoi,2
miss_universe_vietnam,van_hoa,2
mlee,van_hoa,2
money_tree,doi_song,2
moneytree,doi_song,2
mori,doi_song,2
,doi_song,2
mua_online,vi_tinh,2
te,vi_tinh,2
tai,phap_luat,2
thương,doi_song,2
t,suc_khoe,2
sơn_tùng_m-tp,chinh_tri_xa_hoi,2
mác-tin,van_hoa,2
mạc_hồng_quân,doi_song,2
mạc_hồng_quân,van_hoa,2
mạnh,phap_luat,2
sơn_tùng,doi_song,2
na-young,suc_khoe,2
thanh_hưng,van_hoa,2
the_blue_dolphin,van_hoa,2
the_face_thailand,vi_tinh,2
minh_dự,van_hoa,2
thương,chinh_tri_xa_hoi,2
thánh_thể,chinh_tri_xa_hoi,2
thánh_matthêu,doi_song,2
malificent,doi_song,2
thám_tử,vi_tinh,2
malik_obama,van_hoa,2
thuận,chinh_tri_xa_hoi,2
marvel_comics,van_hoa,2
thuý_ngân,vi_tinh,2
thuý_hằng,chinh_tri_xa_hoi,2
thu_linh,van_hoa,2
messi,the_thao,2
thiệu,the_gioi,2
michael_aidan,vi_tinh,2
thiện_cẩm,van_hoa,2
thiên_chúa,doi_song,2
the_lion,vi_tinh,2
phan_văn_tuấn,phap_luat,2
,chinh_tri_xa_hoi,2
bảo_ngọc,van_hoa,2
bích_phương,chinh_tri_xa_hoi,2
chi,vi_tinh,2
chi_bảo,doi_song,2
chí_phèo,chinh_tri_xa_hoi,2
công_vinh,chinh_tri_xa_hoi,2
alice,doi_song,2
conlatatca,suc_khoe,2
damask_rose,suc_khoe,2
gates,the_gioi,2
cắt,chinh_tri_xa_hoi,2
chicago_bulls,chinh_tri_xa_hoi,2
chicano_style,chinh_tri_xa_hoi,2
ban,chinh_tri_xa_hoi,2
cường,vi_tinh,2
gearvn,vi_tinh,2
compression,suc_khoe,2
bảo_thy,doi_song,2
bình_minh,suc_khoe,2
foxy,van_hoa,2
anh_tuấn,van_hoa,2
cuomo,the_gioi,2
bình_minh,chinh_tri_xa_hoi,2
alpha_books,khoa_hoc,2
amara_namani,van_hoa,2
châu,doi_song,2
ali_hoàng_dương,chinh_tri_xa_hoi,2
garbin,phap_luat,2
alfredo_garbin,phap_luat,2
bùi_phạm_thành,the_gioi,2
cheer,vi_tinh,2
chúa_giêsu,doi_song,2
full_clip,vi_tinh,2
barack_obama,the_gioi,2
airpods,vi_tinh,2
chấm,chinh_tri_xa_hoi,2
bấm_ok,van_hoa,2
bill_clinton,the_gioi,2
biker_for_trump,the_gioi,2
công_phượng,the_thao,2
bùi_thị_kim_thu,phap_luat,2
cô_độc,van_hoa,2
akira_phan,van_hoa,2
cherry_mỹ,vi_tinh,2
chatađê,chinh_tri_xa_hoi,2
biên_hoa,vi_tinh,2
chi,chinh_tri_xa_hoi,2
bao,vi_tinh,2
ako_bicol,phap_luat,2
fujifilm,vi_tinh,2
game_kiếp_hiệp,vi_tinh,2
batman,van_hoa,2
ankle_strap,vi_tinh,2
choi,vi_tinh,2
chương,vi_tinh,2
color_man,doi_song,2
carrie_lam,the_gioi,2
diệt_kỷ,khoa_hoc,2
bruce,van_hoa,2
elizabeth_lombardo,khoa_hoc,2
chu_bin,van_hoa,2
arteta,the_thao,2
a_tay_phải,khoa_hoc,2
cr,chinh_tri_xa_hoi,2
chot,vi_tinh,2
an_phat,vi_tinh,2
deal_hot,vi_tinh,2
buddhist_studies,vi_tinh,2
bằng,van_hoa,2
aubameyang,the_thao,2
bezos,kinh_doanh,2
dương,vi_tinh,2
dương,khoa_hoc,2
dónde,vi_tinh,2
dương,chinh_tri_xa_hoi,2
erling_haaland,the_thao,2
ca,vi_tinh,2
a_chân,khoa_hoc,2
bảo_anh,chinh_tri_xa_hoi,2
giang,chinh_tri_xa_hoi,2
deborah_paul,chinh_tri_xa_hoi,2
cau_giay,vi_tinh,2
carvalho_gratis,vi_tinh,2
dich,chinh_tri_xa_hoi,2
foody,chinh_tri_xa_hoi,2
bibomart,kinh_doanh,2
brulay,van_hoa,2
diệt_tại,khoa_hoc,2
entiati,doi_song,2
chân_thần,khoa_hoc,2
cre,doi_song,2
,phap_luat,2
sz,vi_tinh,1
tamron,vi_tinh,1
sài_thành,vi_tinh,1
bảo_huyên,doi_song,1
săn_voucher,chinh_tri_xa_hoi,1
bảy,doi_song,1
sâu,doi_song,1
taiwan_news,the_gioi,1
sóc_nâu,vi_tinh,1
bảo_hành,chinh_tri_xa_hoi,1
takashimaya,vi_tinh,1
sỏi_island,chinh_tri_xa_hoi,1
bảo_hành,kinh_doanh,1
bảo_thy,chinh_tri_xa_hoi,1
sắp,chinh_tri_xa_hoi,1
sảnh_a,chinh_tri_xa_hoi,1
sữa_rửa_mặt_st,chinh_tri_xa_hoi,1
sư_tử,vi_tinh,1
sơn_đoong,vi_tinh,1
sự_sống_ở_thế_gian,khoa_hoc,1
bảo_hân,suc_khoe,1
bảo_linh,van_hoa,1
sy,chinh_tri_xa_hoi,1
t,chinh_tri_xa_hoi,1
bảo_hành_trọn,vi_tinh,1
bảo_hành,vi_tinh,1
sơn_tùng,vi_tinh,1
sơn_tùng,the_thao,1
bảo_đại,the_gioi,1
sơn_tùng,phap_luat,1
t-pame,doi_song,1
bảo_thy,vi_tinh,1
bảo_yến_rosie,vi_tinh,1
sơn_thạch,the_thao,1
t-shirt,vi_tinh,1
tae_kantana,vi_tinh,1
sơn_thạch,chinh_tri_xa_hoi,1
sơn_nữ,vi_tinh,1
sơn,vi_tinh,1
bảo_đăng,chinh_tri_xa_hoi,1
tage,vi_tinh,1
sữa_hoàng_gia,kinh_doanh,1
giang_ca,chinh_tri_xa_hoi,1
super_lựu_đạn,vi_tinh,1
sweet_melody_úc,doi_song,1
suzy,van_hoa,1
south_vietnamese,the_gioi,1
bắp_huy_lê_thành_dương,chinh_tri_xa_hoi,1
spa_việt,vi_tinh,1
space_cadet,vi_tinh,1
space_gray,vi_tinh,1
spotify,vi_tinh,1
spotify_miễn_phí,vi_tinh,1
ssstutter,chinh_tri_xa_hoi,1
bắp,vi_tinh,1
st_sơn_thạch,van_hoa,1
bắc_trung_bộ,chinh_tri_xa_hoi,1
stan_lee,van_hoa,1
stand_news,the_gioi,1
stanislas_trần_minh_vọng,chinh_tri_xa_hoi,1
star,doi_song,1
stare,vi_tinh,1
starship,van_hoa,1
soo,vi_tinh,1
bằng,chinh_tri_xa_hoi,1
bằng_kiều,vi_tinh,1
sol_bass,vi_tinh,1
smember,vi_tinh,1
smith,the_gioi,1
smo,vi_tinh,1
bộ_đôi,suc_khoe,1
social_blade,vi_tinh,1
bộ_trưởng_thể,chinh_tri_xa_hoi,1
sohacoin,vi_tinh,1
solamente,vi_tinh,1
song_luân,chinh_tri_xa_hoi,1
solskjr,the_thao,1
bồ_đề_tâm,khoa_hoc,1
bồ_điệp,doi_song,1
bọng_mắt,vi_tinh,1
song_hye_kyo,van_hoa,1
song_hye_kyo,vi_tinh,1
bỉm_sữa_sề_xoà,suc_khoe,1
starting,vi_tinh,1
steamboat_set,vi_tinh,1
bắc_trrều_tiên,the_gioi,1
bầu_hiển,chinh_tri_xa_hoi,1
super_junior,vi_tinh,1
super_karaoke,vi_tinh,1
super_lu_gạch,vi_tinh,1
tasty,doi_song,1
super_phi_tiêu,vi_tinh,1
super_pháo,vi_tinh,1
super_seven,doi_song,1
super_súng_nước,vi_tinh,1
super_frankie,the_thao,1
super_sấm_sét,vi_tinh,1
super_tủ_thuốc,vi_tinh,1
super_xe_hơi,vi_tinh,1
bầu,vi_tinh,1
survival_camp,vi_tinh,1
sushi_tei,doi_song,1
suzy,doi_song,1
super_giỏ_trái_cây,vi_tinh,1
sunny,doi_song,1
steve,the_gioi,1
stylist_mạch_huy,doi_song,1
bắc,phap_luat,1
steve_hanke,vi_tinh,1
steven,the_gioi,1
steven_mnuchin,the_gioi,1
stray_kids,chinh_tri_xa_hoi,1
stretch_marks,vi_tinh,1
striker_eureka,van_hoa,1
stylist_phuong_nguyen,vi_tinh,1
sunday,vi_tinh,1
su,chinh_tri_xa_hoi,1
suboi,vi_tinh,1
suisse,doi_song,1
suk_jin,vi_tinh,1
summer_lavender,vi_tinh,1
sun_damage,vi_tinh,1
sundar_pichai,doi_song,1
bảo_bảo,van_hoa,1
thao_tây,chinh_tri_xa_hoi,1
bảo_anh,vi_tinh,1
thẩnnếu,chinh_tri_xa_hoi,1
bình_minh,khoa_hoc,1
thương,kinh_doanh,1
thạch_ngọc_long,vi_tinh,1
thạch_thanh_bình,chinh_tri_xa_hoi,1
thảo,doi_song,1
thảo_tây,chinh_tri_xa_hoi,1
thần_ưng,chinh_tri_xa_hoi,1
thập_nhị_diêm_vương,chinh_tri_xa_hoi,1
thuỳ_trâm,chinh_tri_xa_hoi,1
bình_an,van_hoa,1
thắng,phap_luat,1
thắng_phật,khoa_hoc,1
bình,chinh_tri_xa_hoi,1
thẻ,vi_tinh,1
thẻ_atm,vi_tinh,1
thẻ_game_vinagame,vi_tinh,1
thưa_thế_tôn,khoa_hoc,1
thơ_hột_lệ,van_hoa,1
thông,khoa_hoc,1
thì,suc_khoe,1
bùi_phong,vi_tinh,1
bùi_phi_hùng,doi_song,1
thành,vi_tinh,1
thành_lộc,doi_song,1
thành_phầm_corticoid,suc_khoe,1
thành_trung,chinh_tri_xa_hoi,1
bùi_ngọc_công,chinh_tri_xa_hoi,1
thái_nguyên_,chinh_tri_xa_hoi,1
bùi_ngà,the_thao,1
bùa_ma_thuật,vi_tinh,1
thâm_mắt,vi_tinh,1
thâm_mụn_dị_ứng,suc_khoe,1
thêm,chinh_tri_xa_hoi,1
thêm,vi_tinh,1
bí_kíp_vàng,chinh_tri_xa_hoi,1
thẻ_rewards_unlimited,vi_tinh,1
thẻ_zing,vi_tinh,1
thẻ_đồng_đội_ngẫu_nhiên,vi_tinh,1
bàn_luận,the_gioi,1
buồn_làm_chi_em_ơi,van_hoa,1
tiến,chinh_tri_xa_hoi,1
tiến_linh,vi_tinh,1
tiến_nguyện,vi_tinh,1
tiến_tuần,the_thao,1
burn_gorman,van_hoa,1
burger_king,doi_song,1
tiệm_hoa_lạc_lạc,doi_song,1
bun,doi_song,1
tom,the_gioi,1
tom,van_hoa,1
tom_cotton,the_gioi,1
tom_ford,doi_song,1
bui,vi_tinh,1
bug_top,chinh_tri_xa_hoi,1
tiêu_như_sắt,vi_tinh,1
bác_hồ,chinh_tri_xa_hoi,1
thẻo,vi_tinh,1
tiên,doi_song,1
bé,vi_tinh,1
thỏ_nâu,van_hoa,1
thủy_tinh,khoa_hoc,1
thực,doi_song,1
tien,doi_song,1
tiep,chinh_tri_xa_hoi,1
tik_tok,vi_tinh,1
tiki_bánh_bèo,van_hoa,1
tikingon,doi_song,1
bách,chinh_tri_xa_hoi,1
tiktok_diễn_viên_minh_dự,van_hoa,1
tim_từ,suc_khoe,1
tin,vi_tinh,1
tip,vi_tinh,1
titanium_dioxide,suc_khoe,1
thuỷ_tiên,doi_song,1
thuỳ_trang,van_hoa,1
team_cakecraft,chinh_tri_xa_hoi,1
the_blues,vi_tinh,1
thanh_tú,vi_tinh,1
small,the_gioi,1
that,doi_song,1
thaỏ_tây,chinh_tri_xa_hoi,1
bạch_thế_tôn,khoa_hoc,1
the_ass,vi_tinh,1
bạch_dương,doi_song,1
the_cosmo,vi_tinh,1
thuỳ_linh,the_thao,1
bươc,vi_tinh,1
the_face_vietnam,vi_tinh,1
the_falcon,van_hoa,1
bưu,phap_luat,1
the_mint,vi_tinh,1
the_simpsons,chinh_tri_xa_hoi,1
thefaceshop,suc_khoe,1
bạn,chinh_tri_xa_hoi,1
thanh_tâm,doi_song,1
thanh_lam,doi_song,1
thanh_hằng,van_hoa,1
techgurustore,vi_tinh,1
techvn,vi_tinh,1
ted_hui,chinh_tri_xa_hoi,1
ted_hui,the_gioi,1
telecom_hoàng_nam_tiến,vi_tinh,1
tfboys,van_hoa,1
tham,vi_tinh,1
thanh,suc_khoe,1
bảo,doi_song,1
bảnh_bao,doi_song,1
thanh_hoa,doi_song,1
thanh_hoa,phap_luat,1
bạn,vi_tinh,1
thanh_hằng,chinh_tri_xa_hoi,1
thanh_hằng,suc_khoe,1
thefaceshop,vi_tinh,1
them,doi_song,1
theo,vi_tinh,1
bùi_viết_hiểu,phap_luat,1
thu_danh,suc_khoe,1
thu_hoài,van_hoa,1
bùi_tiến_dũng,phap_luat,1
thu_toi,doi_song,1
bùi_tiến_dũng,chinh_tri_xa_hoi,1
thursday,vi_tinh,1
thuu_trangg,doi_song,1
thuý_hạnh,van_hoa,1
thuý_nga_music_box,vi_tinh,1
thuý_ngân,doi_song,1
thuý_ngân,van_hoa,1
bùi_quốc_kỳ,van_hoa,1
bùi_quang_tín,phap_luat,1
thuỳ_dung,vi_tinh,1
thuỳ_linh,phap_luat,1
thu,vi_tinh,1
bùi_văn_công,phap_luat,1
theresa_le,vi_tinh,1
thoả,doi_song,1
thich,doi_song,1
thieu,phap_luat,1
this_friday,vi_tinh,1
băng_tran,the_gioi,1
búa_ma,vi_tinh,1
thiên_khôi,van_hoa,1
thiều_bảo_trâm,chinh_tri_xa_hoi,1
thiện_cầm,van_hoa,1
bùi_xuân_huấn,phap_luat,1
thiện_nếp_nhăn,suc_khoe,1
thiện_toàn,khoa_hoc,1
thiệt,chinh_tri_xa_hoi,1
bùi_văn_hoà,chinh_tri_xa_hoi,1
thong,chinh_tri_xa_hoi,1
thoại_như_quỳnh,vi_tinh,1
smart_wives,doi_song,1
side_bending,suc_khoe,1
slovan_liberec,the_thao,1
chen,the_gioi,1
phạm_ngọc_diệu_anh,doi_song,1
phạm_ngọc_thạch,doi_song,1
phạm_quang_khánh,van_hoa,1
phạm_thuỳ_chii,chinh_tri_xa_hoi,1
phạm_thành,chinh_tri_xa_hoi,1
phạm_thị_hải_yến,doi_song,1
phạm_tiến,chinh_tri_xa_hoi,1
phạm_trọng_đạt,chinh_tri_xa_hoi,1
phạm_minh_vũ,chinh_tri_xa_hoi,1
phạm_việt_anh,kinh_doanh,1
phạm_việt_long,doi_song,1
phạm_đoan_trang,phap_luat,1
chateau_chillon,doi_song,1
phạm_đăng_hùng,suc_khoe,1
phải_detox,suc_khoe,1
phải_than,suc_khoe,1
phạm_minh_đức,the_thao,1
phạm_lưu_vũ,chinh_tri_xa_hoi,1
phải_thế,vi_tinh,1
phượng,doi_song,1
chi_bảo,vi_tinh,1
phương,vi_tinh,1
phương_chinh,phap_luat,1
phương_linh,suc_khoe,1
phương_nga,van_hoa,1
phương_thuý,the_thao,1
phượng,chinh_tri_xa_hoi,1
phạm_bích_hạnh,vi_tinh,1
cherno_alpha,van_hoa,1
phạm_băng_băng,doi_song,1
phạm_chi_lan,chinh_tri_xa_hoi,1
phạm_chi_thanh,chinh_tri_xa_hoi,1
chi,the_thao,1
chi,phap_luat,1
phạm_hồng_phong,chinh_tri_xa_hoi,1
chester_london,vi_tinh,1
phải_thế,doi_song,1
phẫu_thuật,suc_khoe,1
skytour_the_movie,chinh_tri_xa_hoi,1
quan_trọng,vi_tinh,1
product_showcase,vi_tinh,1
promotion_official,vi_tinh,1
puka,chinh_tri_xa_hoi,1
puka,van_hoa,1
putin,the_gioi,1
center_hanoi,vi_tinh,1
qua_paypal,kinh_doanh,1
quang_anh,vi_tinh,1
primeblue,vi_tinh,1
quang_bửu,doi_song,1
quang_hải,chinh_tri_xa_hoi,1
quang_kha,van_hoa,1
quang_linh,doi_song,1
quang_trung,chinh_tri_xa_hoi,1
quang_trung,kinh_doanh,1
quang_trung_p,chinh_tri_xa_hoi,1
primer,vi_tinh,1
president_trump,the_gioi,1
phụ_nữ,doi_song,1
chamomile,doi_song,1
phụ_thành,chinh_tri_xa_hoi,1
phục_hồi,chinh_tri_xa_hoi,1
pink_day,doi_song,1
pinky,doi_song,1
charlie_day,van_hoa,1
pizza_hut,vi_tinh,1
pjnboy,vi_tinh,1
plot,vi_tinh,1
president_cruises,chinh_tri_xa_hoi,1
chalets,vi_tinh,1
pogba,vi_tinh,1
cha_tae_hyun,doi_song,1
ponagar_handmade_leather,vi_tinh,1
ceramide,vi_tinh,1
pop-rock,van_hoa,1
centimet,doi_song,1
chi_pu,chinh_tri_xa_hoi,1
chi_pu,doi_song,1
phúc_xo,vi_tinh,1
phan_bội_châu,the_gioi,1
chu,doi_song,1
pep_guardiola,the_thao,1
peripera,vi_tinh,1
peter_navarro,the_gioi,1
pham,vi_tinh,1
phan,suc_khoe,1
christopher,doi_song,1
phan_chu_trinh,the_gioi,1
pega,phap_luat,1
christian_louboutin,doi_song,1
phan_dương,chinh_tri_xa_hoi,1
phan_hoang,phap_luat,1
phan_hoàng_việt,phap_luat,1
phan_huy_băc,phap_luat,1
phan_hồ_điệp,van_hoa,1
phan_lĩnh,van_hoa,1
pega_s,phap_luat,1
pay_later,vi_tinh,1
phúc_xo,doi_song,1
chu_san,chinh_tri_xa_hoi,1
page,vi_tinh,1
paint_yourself,doi_song,1
palmer,vi_tinh,1
pan_fry,vi_tinh,1
pandorahears,vi_tinh,1
paolo,doi_song,1
park,chinh_tri_xa_hoi,1
park,the_thao,1
paula,vi_tinh,1
chu_cường,chinh_tri_xa_hoi,1
chu_chính_đình,van_hoa,1
park_min_young,van_hoa,1
pat_caddell,the_gioi,1
patrick_hutchinson,the_gioi,1
paul_hewitt,kinh_doanh,1
paul_scholes,the_gioi,1
phan_thi_que_anh,kinh_doanh,1
phan_thị_mỹ_xuyên,phap_luat,1
phan_văn_tuân,phap_luat,1
china_office,vi_tinh,1
phép_bổ_trợ,vi_tinh,1
phép_màu,suc_khoe,1
chipu,van_hoa,1
phùng_nguyên,doi_song,1
phùng_ngọc_diệp,vi_tinh,1
chipset_photon,vi_tinh,1
chinese_virus,the_gioi,1
phùng_ngọc_huy,van_hoa,1
choose_a_correct_answer,vi_tinh,1
phùng_quốc_hiển,chinh_tri_xa_hoi,1
phú,the_gioi,1
phú_thứ,chinh_tri_xa_hoi,1
phúc,chinh_tri_xa_hoi,1
chill_with_jazz,vi_tinh,1
chi_vũ,vi_tinh,1
chi_pu,van_hoa,1
chiêm,chinh_tri_xa_hoi,1
phái_mạnh,van_hoa,1
phuong_tran,vi_tinh,1
phuc_vo,vi_tinh,1
choin,chinh_tri_xa_hoi,1
phi_công_lê_mộng_hoan,phap_luat,1
phi_long,vi_tinh,1
phi_nhung,van_hoa,1
phi_thanh,doi_song,1
phi_thanh_vân,van_hoa,1
phi_đoàn,chinh_tri_xa_hoi,1
phim-review,chinh_tri_xa_hoi,1
cho_son,phap_luat,1
chloe,van_hoa,1
phong_lê,vi_tinh,1
photo,doi_song,1
photo_assistants,vi_tinh,1
photo_huỳnh_trí_nghĩa,vi_tinh,1
phuc,vi_tinh,1
quynh,chinh_tri_xa_hoi,1
cau_giay,suc_khoe,1
quách_văn_quý,the_gioi,1
selva,doi_song,1
scott_eastwood,van_hoa,1
sdt,suc_khoe,1
sechs_kies,vi_tinh,1
secret_story,van_hoa,1
see,vi_tinh,1
selena_gomez,the_thao,1
selenium_sulfide,suc_khoe,1
cam,doi_song,1
schumer,the_gioi,1
seo_kang_joon,van_hoa,1
seraph,vi_tinh,1
sergio_ramos,the_thao,1
serguei_choigou,the_gioi,1
serguei_lavrov,the_gioi,1
cam,chinh_tri_xa_hoi,1
set,suc_khoe,1
scoin,vi_tinh,1
schip,doi_song,1
sakura_cc_cream,suc_khoe,1
cao,chinh_tri_xa_hoi,1
salary,vi_tinh,1
salmon,the_thao,1
salon_thảo_tây,chinh_tri_xa_hoi,1
cao_bồi,doi_song,1
sam_huy,chinh_tri_xa_hoi,1
cao,suc_khoe,1
samsungvn,vi_tinh,1
samuel_brownback,the_gioi,1
say,vi_tinh,1
san,chinh_tri_xa_hoi,1
camera_operators,vi_tinh,1
sanders,the_gioi,1
sane,the_thao,1
sang,vi_tinh,1
santen,suc_khoe,1
sawako,chinh_tri_xa_hoi,1
seyit,chinh_tri_xa_hoi,1
shanaya,doi_song,1
sheloves,doi_song,1
siêu_thời,khoa_hoc,1
sinh_lai,khoa_hoc,1
siu_black,doi_song,1
size,vi_tinh,1
siêu_chiến_giáp,vi_tinh,1
siêu_mượt,van_hoa,1
siêu_nét,van_hoa,1
c,phap_luat,1
skeater,vi_tinh,1
shirai,vi_tinh,1
skores,the_thao,1
sky_hn,vi_tinh,1
sky_tour,chinh_tri_xa_hoi,1
sky_tour,vi_tinh,1
sky_tour_movie,chinh_tri_xa_hoi,1
skyler,vi_tinh,1
bột_yakult_nhật_bản,suc_khoe,1
simon_johnson,the_thao,1
cac,chinh_tri_xa_hoi,1
silky_girl,vi_tinh,1
si,doi_song,1
shop_an_khê,vi_tinh,1
calvin_klein,van_hoa,1
shop_official,vi_tinh,1
shop_trẻ_thơ,doi_song,1
cailee_spaeny,van_hoa,1
cai_bingrui,the_gioi,1
cac,doi_song,1
shopee_live,chinh_tri_xa_hoi,1
shopee_live_kpop_fest,chinh_tri_xa_hoi,1
shopee_mall,chinh_tri_xa_hoi,1
shopee_sale_trăm_tỷ,chinh_tri_xa_hoi,1
showbiz_việt,chinh_tri_xa_hoi,1
showroom,vi_tinh,1
shu_uemura,suc_khoe,1
shynh_house,van_hoa,1
cao_mỹ_duyên,phap_luat,1
sakos_vivian,vi_tinh,1
quách_đình_vận,phap_luat,1
rebel_pepper,the_gioi,1
ran,doi_song,1
rash,the_thao,1
rashford,chinh_tri_xa_hoi,1
career_opportunities,vi_tinh,1
reagan,vi_tinh,1
reality_check,vi_tinh,1
cara_phương,vi_tinh,1
refre,doi_song,1
rachel,vi_tinh,1
refre_natural,doi_song,1
regin_jacobsen,the_gioi,1
registered_for,vi_tinh,1
rene,the_gioi,1
rene_desfourneaux,the_gioi,1
reno,vi_tinh,1
reopen,the_gioi,1
raleigh_becket,van_hoa,1
rabity,vi_tinh,1
saigon_royal,chinh_tri_xa_hoi,1
quốc,the_gioi,1
quán_xưa,doi_song,1
quôc,the_gioi,1
quý,chinh_tri_xa_hoi,1
quại_vũ_hà,vi_tinh,1
quẩy,vi_tinh,1
cau_giay,chinh_tri_xa_hoi,1
quẹo,vi_tinh,1
quốc,vi_tinh,1
qúa_trời_phòng,vi_tinh,1
quỳnh_anh,doi_song,1
catriona_gray,van_hoa,1
quỳnh_lan_nontops,vi_tinh,1
quỳnh_nga,van_hoa,1
quỳnh_sất,phap_luat,1
quỳnh_trần,doi_song,1
qva,phap_luat,1
cara,vi_tinh,1
reup,suc_khoe,1
cara,kinh_doanh,1
runnning_man,kinh_doanh,1
routine,chinh_tri_xa_hoi,1
routine,vi_tinh,1
roy_kwong,chinh_tri_xa_hoi,1
roy_kwong,the_gioi,1
royal,kinh_doanh,1
rue,doi_song,1
rumain_brisbon,vi_tinh,1
rust,chinh_tri_xa_hoi,1
cara,chinh_tri_xa_hoi,1
cao_vĩnh_thịnh,phap_luat,1
cao_văn_thịnh,phap_luat,1
s,phap_luat,1
s-fury,vi_tinh,1
cao_ngọc_sơn,phap_luat,1
saborino,vi_tinh,1
saddam,the_gioi,1
rosé,van_hoa,1
rosé,doi_song,1
rosstat,the_gioi,1
rosette,vi_tinh,1
captain_america,van_hoa,1
rick,vi_tinh,1
rihanna,vi_tinh,1
robe,vi_tinh,1
robert_lighthizer,the_gioi,1
robert_m_gates,the_gioi,1
rockefeller,chinh_tri_xa_hoi,1
roger,doi_song,1
cao_đẳng,vi_tinh,1
rohit_dadwal,vi_tinh,1
romand,vi_tinh,1
romand_juicy_lasting,vi_tinh,1
romeo,vi_tinh,1
ronaldo,doi_song,1
rosemary,doi_song,1
tong,vi_tinh,1
tran_quang_hung,vi_tinh,1
buc,phap_luat,1
vinfast,van_hoa,1
wow-boomerang,vi_tinh,1
wowy,vi_tinh,1
wrinkles,vi_tinh,1
wun_yan_kha_services_co,vi_tinh,1
wunyankha_car_show_room,vi_tinh,1
wuyn,vi_tinh,1
angela_phương_trinh,phap_luat,1
angela_phương_trinh,doi_song,1
xanh_ngọc,vi_tinh,1
xanh_place,chinh_tri_xa_hoi,1
xanh_place,doi_song,1
xanh_thiên_thanh,vi_tinh,1
xantagosil_c,suc_khoe,1
anfield_index,the_thao,1
andrew_small,the_gioi,1
andrew_lynh,the_gioi,1
xiao_cùi,vi_tinh,1
wow-bazooka,vi_tinh,1
woodstock_đà_lạt,doi_song,1
angelina_jolie,van_hoa,1
anh_tú,doi_song,1
wanner_bros,van_hoa,1
ward,vi_tinh,1
washington_dc,the_gioi,1
watch_seri,vi_tinh,1
wayne_rooney,the_thao,1
anh_đức,van_hoa,1
anh_đức,doi_song,1
wendy,vi_tinh,1
wolverine,van_hoa,1
wet_blended,kinh_doanh,1
when_the,vi_tinh,1
white_lux,vi_tinh,1
will,vi_tinh,1
winamp,vi_tinh,1
wine,vi_tinh,1
wisconsin-madison,the_gioi,1
xoay,chinh_tri_xa_hoi,1
xoay_ca,chinh_tri_xa_hoi,1
xu_ying,the_gioi,1
yasmine,vi_tinh,1
yan_talents,chinh_tri_xa_hoi,1
yan_talents,doi_song,1
yan_talents,vi_tinh,1
an,chinh_tri_xa_hoi,1
yang_jiechi,the_gioi,1
amen,vi_tinh,1
yao_shun,the_gioi,1
yasmine_kateb,vi_tinh,1
yan_foods,vi_tinh,1
yaya_trương_nhi,phap_luat,1
amen,doi_song,1
yesung,vi_tinh,1
ylang_ylang,doi_song,1
yogi_govind,suc_khoe,1
amedy_coulibaly,vi_tinh,1
yonex_trung_quốc,doi_song,1
an_cường,doi_song,1
yan_foods,doi_song,1
xuan_anh_nguyen,chinh_tri_xa_hoi,1
an_sang,vi_tinh,1
xuân,chinh_tri_xa_hoi,1
xuân,doi_song,1
xuân_lan,the_gioi,1
xuân_nghị,chinh_tri_xa_hoi,1
xuân_tao,chinh_tri_xa_hoi,1
andree,vi_tinh,1
xuân_vinh,vi_tinh,1
xìn,chinh_tri_xa_hoi,1
an_khê-gia_lai,chinh_tri_xa_hoi,1
xìn,doi_song,1
xích_hoa_châu,van_hoa,1
xử_nữ,doi_song,1
y-series,vi_tinh,1
an_lôc,phap_luat,1
y_tý_cloud,chinh_tri_xa_hoi,1
yamaha_motor_viet_nam,vi_tinh,1
wanna_date,vi_tinh,1
wang_hongcun,the_gioi,1
wan_wanzhou,the_gioi,1
vua,vi_tinh,1
vo,doi_song,1
vo_lê_trung,chinh_tri_xa_hoi,1
voi,doi_song,1
voltronic,vi_tinh,1
vong,vi_tinh,1
vote,vi_tinh,1
vu_quan,vi_tinh,1
vua_minh,chinh_tri_xa_hoi,1
vladimir_putin,the_gioi,1
vui,chinh_tri_xa_hoi,1
aptamil,vi_tinh,1
vy_oanh,vi_tinh,1
và,chinh_tri_xa_hoi,1
vân,chinh_tri_xa_hoi,1
vân,doi_song,1
vân,phap_luat,1
vnpay-qr,vi_tinh,1
việt_thành,vi_tinh,1
vô_địch,vi_tinh,1
viên_minh,the_thao,1
vinh_long_radio,chinh_tri_xa_hoi,1
art_director,vi_tinh,1
vip_beauty_center,suc_khoe,1
visit_yanki_sizzlers,vi_tinh,1
viên,suc_khoe,1
arka,doi_song,1
ariana_grande,the_thao,1
aquaman,chinh_tri_xa_hoi,1
việt_thi,vi_tinh,1
viết_mục_tiêu_của,doi_song,1
việt_filip_nguyễn,the_thao,1
việt_hoàng,van_hoa,1
việt_hương,doi_song,1
việt_hương,vi_tinh,1
việt_nguyễn_,van_hoa,1
aptech_head_office,vi_tinh,1
appota,vi_tinh,1
võ_hiệp,chinh_tri_xa_hoi,1
anne,kinh_doanh,1
antonio_guterres,the_gioi,1
app_cuồng_phim,vi_tinh,1
vũ_văn_q,suc_khoe,1
vũ_xuân_tuyến,chinh_tri_xa_hoi,1
vũ_đình,vi_tinh,1
vũ_đức_sao_biển,van_hoa,1
antôn_diệu_thuận,the_gioi,1
vương_nhĩ_đức,doi_song,1
vương_văn_hùng,phap_luat,1
vũ_ngọc_hoàng_oanh,vi_tinh,1
vạn_bảo,vi_tinh,1
vạn_thông,doi_song,1
antoine_thang,vi_tinh,1
vỏ,suc_khoe,1
w_wood,khoa_hoc,1
wadhamini,vi_tinh,1
antifa,the_gioi,1
vũ_nhôm,phap_luat,1
vũ_khắc_tiệp,vi_tinh,1
võ_hoàng_yến,van_hoa,1
văn_hậu,chinh_tri_xa_hoi,1
võ_văn_dũng,doi_song,1
applevn,vi_tinh,1
võ_xuân_sơn,chinh_tri_xa_hoi,1
võ_đình_hiếu,doi_song,1
võ_đăng_khoa,vi_tinh,1
văn_cường,vi_tinh,1
văn_hoàng,chinh_tri_xa_hoi,1
appcinestar,vi_tinh,1
app_now,vi_tinh,1
văn_lâm,doi_song,1
văn_thanh,suc_khoe,1
văn_toản,chinh_tri_xa_hoi,1
vũ,van_hoa,1
vũ_cát_tường,chinh_tri_xa_hoi,1
app_vieon,van_hoa,1
vũ_khắc_tiệp,chinh_tri_xa_hoi,1
yoo_doragon,doi_song,1
young_h,vi_tinh,1
yuan_gongyi,the_gioi,1
đồng_,vi_tinh,1
để_ý,suc_khoe,1
đệ_nhất_bánh_mỳ,chinh_tri_xa_hoi,1
acne_scars,vi_tinh,1
abix,chinh_tri_xa_hoi,1
abe_shinzo,the_gioi,1
abe,the_gioi,1
đỏ_khắp_mặt,suc_khoe,1
abbott,vi_tinh,1
đề_cập,the_gioi,1
a_xìn,vi_tinh,1
a_xuy,chinh_tri_xa_hoi,1
đổng_trác,doi_song,1
đỗ_chí,chinh_tri_xa_hoi,1
đỗ_kim_chi,vi_tinh,1
đỗ_nam_trung,doi_song,1
đỗ_ngọc_kiều_loan,phap_luat,1
để,vi_tinh,1
đẹp_đúng_cam_kết,suc_khoe,1
đỗ_quang_nghĩa,chinh_tri_xa_hoi,1
đặng_em,chinh_tri_xa_hoi,1
đạo_cao_đài,khoa_hoc,1
đạt,chinh_tri_xa_hoi,1
đạt,doi_song,1
đảng_cộng_sản_việt_nam,chinh_tri_xa_hoi,1
đấng,doi_song,1
đầm_xoè,chinh_tri_xa_hoi,1
đậu,chinh_tri_xa_hoi,1
đặng_hoàng_giang,van_hoa,1
đặt_now,vi_tinh,1
đặng_lê_anh,chinh_tri_xa_hoi,1
đặng_thị_nga,phap_luat,1
đặng_tiểu_bình,the_gioi,1
đặng_trung_nghịa,phap_luat,1
đặng_văn_lâm,the_thao,1
aco_xuy,chinh_tri_xa_hoi,1
acnes_vietnam,suc_khoe,1
đỗ_quang_chí_vic_lee,vi_tinh,1
đỗ_quốc_thịnh,phap_luat,1
acy,vi_tinh,1
ảnh_công,phap_luat,1
đức_thánh_cha_thành_lập,vi_tinh,1
đức_thánh_hiền,chinh_tri_xa_hoi,1
,vi_tinh,1
,suc_khoe,1
đức_tuấn,van_hoa,1
đức_tổng_vigano,the_gioi,1
đừng_như_thói_quen,doi_song,1
ảnh_đời,vi_tinh,1
_diễm_thi,phap_luat,1
ấy_bạn_đang,suc_khoe,1
ấy_không_yêu_anh,van_hoa,1
ấy_là_ai,vi_tinh,1
ốc,chinh_tri_xa_hoi,1
ốc_mèo_mun,doi_song,1
ốc_thanh_vân,doi_song,1
ủng_hộ,phap_luat,1
đức_thánh_cha_phanxicô,vi_tinh,1
đức_thánh_cha,vi_tinh,1
đỗ_văn_giỏi,phap_luat,1
đức_giáo_hoàng_phaolô_ii,doi_song,1
đỗ_văn_thanh,suc_khoe,1
đới_xuân_hiếu,van_hoa,1
đức,doi_song,1
a_mú_sung,chinh_tri_xa_hoi,1
đức_chúa_ông,chinh_tri_xa_hoi,1
đức_giám_mục,chinh_tri_xa_hoi,1
đức_giáo_hoàng_phanxicô,the_gioi,1
đức_heiko_maas,the_gioi,1
_nguyễn,van_hoa,1
đức_mạnh,vi_tinh,1
đức_nam,doi_song,1
a_lù,chinh_tri_xa_hoi,1
đức_phật,vi_tinh,1
đức_quốc_xã,the_gioi,1
a_hờ,chinh_tri_xa_hoi,1
a,chinh_tri_xa_hoi,1
đại_tứ,vi_tinh,1
đại_hiệp_muốn,vi_tinh,1
yucho,kinh_doanh,1
đe,vi_tinh,1
ăn_cao_lầu,chinh_tri_xa_hoi,1
đai,chinh_tri_xa_hoi,1
akemiuchi,vi_tinh,1
đan_viện,chinh_tri_xa_hoi,1
đang,vi_tinh,1
akali,chinh_tri_xa_hoi,1
đat_maniac,vi_tinh,1
airpods,suc_khoe,1
alaskan_glacier,vi_tinh,1
ahmaud_arbery,vi_tinh,1
đen_vâu,vi_tinh,1
đep,vi_tinh,1
đhy_giuse_trần_nhật_quân,the_gioi,1
agnes_chow,chinh_tri_xa_hoi,1
afamilyvn,vi_tinh,1
đinh_nhật_uy,doi_song,1
ý,vi_tinh,1
ôn_như_hầu,phap_luat,1
đinh_thị_trang_nhung,van_hoa,1
yến_tatoo,vi_tinh,1
yuta_watanabe,vi_tinh,1
yuumi,doi_song,1
all_dads,vi_tinh,1
yêu_cup,the_thao,1
yến_lạc,chinh_tri_xa_hoi,1
yến_nhi,doi_song,1
yến_nhi,suc_khoe,1
alie_đỗ,doi_song,1
âm_sinh,khoa_hoc,1
zao_fox_village,doi_song,1
zenda,chinh_tri_xa_hoi,1
zephyr,vi_tinh,1
zhou,the_gioi,1
zhou_xiaoming,the_gioi,1
zhou_zhou,the_gioi,1
zombie_korean,vi_tinh,1
đinh_thuỳ_linh,kinh_doanh,1
đinh_tiến_dũng,kinh_doanh,1
ad,vi_tinh,1
add,vi_tinh,1
đá_cường_hoá,vi_tinh,1
đá_đen,vi_tinh,1
đáng_sáng_tạo_amun,khoa_hoc,1
đình_hải,vi_tinh,1
addo,doi_song,1
đông_lào,vi_tinh,1
đông_nhi,doi_song,1
adam_store,chinh_tri_xa_hoi,1
đào_văn_hoàng,phap_luat,1
adam_outlet,chinh_tri_xa_hoi,1
adam,chinh_tri_xa_hoi,1
đăng_dũng,van_hoa,1
đơn_dương,van_hoa,1
đường,chinh_tri_xa_hoi,1
đại,vi_tinh,1
ad_camsua,chinh_tri_xa_hoi,1
đá_chúc_phúc,vi_tinh,1
đào,doi_song,1
đinh_văn_hải,vi_tinh,1
aeon_hà_đông,chinh_tri_xa_hoi,1
đinh_văn_đức,phap_luat,1
đinh_ứng_phi_trường,van_hoa,1
điểm_danh,chinh_tri_xa_hoi,1
đo,phap_luat,1
đoi,doi_song,1
đon,vi_tinh,1
afamily,doi_song,1
đoàn_mạnh_quang,phap_luat,1
addo,vi_tinh,1
đoàn_văn_hậu,chinh_tri_xa_hoi,1
đoàn_văn_hậu,the_thao,1
đoá_quỳnh_lan_remix,chinh_tri_xa_hoi,1
adipoless,suc_khoe,1
adele,vi_tinh,1
đàm,vi_tinh,1
đàm_vĩnh_hưng,chinh_tri_xa_hoi,1
vinh,doi_song,1
asetek,vi_tinh,1
tony,vi_tinh,1
vincom_thái_nguyên,chinh_tri_xa_hoi,1
binh,vi_tinh,1
trường,vi_tinh,1
binh,chinh_tri_xa_hoi,1
biluxury,vi_tinh,1
bill_gates,the_gioi,1
trường_giang,vi_tinh,1
trường_mầm_non,suc_khoe,1
trường_thi,vi_tinh,1
trả,vi_tinh,1
bill_gates,chinh_tri_xa_hoi,1
trấn_thành,vi_tinh,1
trấn_xìn,chinh_tri_xa_hoi,1
trần_cung,vi_tinh,1
trần_duy_hưng,kinh_doanh,1
trần_hoàng,doi_song,1
trần_hoàng_vũ,vi_tinh,1
trần_hưng_đạo,vi_tinh,1
trương_việt_hoàng,the_thao,1
trương_tú_dân,chinh_tri_xa_hoi,1
bio-pro,doi_song,1
trương_bảo_như,chinh_tri_xa_hoi,1
trí,vi_tinh,1
trí_huệ,khoa_hoc,1
trùm,chinh_tri_xa_hoi,1
trùm_bùi_viện,chinh_tri_xa_hoi,1
trùm_cf,vi_tinh,1
trúc_nhân,chinh_tri_xa_hoi,1
trư_tiểu_minh,suc_khoe,1
trương_bảo_như,van_hoa,1
trương_phi,chinh_tri_xa_hoi,1
trương_dư_hi,van_hoa,1
trương_hinh_dư,van_hoa,1
trương_hiểu_minh,the_gioi,1
trương_hoà_bình,phap_luat,1
trương_hoài_nam,suc_khoe,1
trương_huệ_văn,van_hoa,1
trương_nhi,phap_luat,1
big_six,vi_tinh,1
trần_hồng_phong,phap_luat,1
trần_khánh_dư,chinh_tri_xa_hoi,1
bi,vi_tinh,1
trần_đình_triển,phap_luat,1
trần_đăng_khoa,phap_luat,1
trần_đăng_ninh,vi_tinh,1
trần_đức_bo,chinh_tri_xa_hoi,1
trần_đức_bo,doi_song,1
bibomart,doi_song,1
bibo,vi_tinh,1
bi,khoa_hoc,1
trần_tuấn_anh,chinh_tri_xa_hoi,1
trắng_nguyệt_thạch,vi_tinh,1
bi,chinh_tri_xa_hoi,1
trẻ_trung,suc_khoe,1
trịnh_quang,chinh_tri_xa_hoi,1
trịnh_sáng,van_hoa,1
trọng_hiếu,chinh_tri_xa_hoi,1
trọng_nghĩa,chinh_tri_xa_hoi,1
trần_văn_sáng,phap_luat,1
trần_thừa_lĩnh,chinh_tri_xa_hoi,1
biet,vi_tinh,1
trần_ngọc_tài,phap_luat,1
trần_maicô,vi_tinh,1
trần_minh_hoàng,doi_song,1
trần_minh_hùng,chinh_tri_xa_hoi,1
trần_minh_tùng,chinh_tri_xa_hoi,1
trần_mạnh_hà,doi_song,1
trần_ngọc_hiếu,van_hoa,1
bici_fabulous,chinh_tri_xa_hoi,1
trần_phú,vi_tinh,1
trần_thị_thu_hiền,chinh_tri_xa_hoi,1
trần_quang_hùng,vi_tinh,1
trần_quốc_huy,vi_tinh,1
trần_thanh_tâm,doi_song,1
trần_thanh_tâm,suc_khoe,1
trần_thanh_tâm,van_hoa,1
trần_thị_mỹ_chương,chinh_tri_xa_hoi,1
trần_thị_quỳnh,phap_luat,1
trân_trọng,chinh_tri_xa_hoi,1
trâm_tây,vi_tinh,1
trâm_anh,van_hoa,1
trang,van_hoa,1
brigitte_niedermair,van_hoa,1
brett_reilly,the_gioi,1
brett,the_gioi,1
brendan_rodgers,the_thao,1
breath_pearl,suc_khoe,1
bphone_b,vi_tinh,1
trang,the_thao,1
box_gaming,vi_tinh,1
chuyen,phap_luat,1
trang_huyền_nguyễn,suc_khoe,1
trang_nam,doi_song,1
boudreaux,chinh_tri_xa_hoi,1
bossini,vi_tinh,1
traore,the_thao,1
travel_élite,vi_tinh,1
tren,doi_song,1
tran_thi_phương_vi,doi_song,1
brisbon,vi_tinh,1
triet,phap_luat,1
toro,van_hoa,1
bruno,vi_tinh,1
tonymen,doi_song,1
top_comments,chinh_tri_xa_hoi,1
bruno,the_thao,1
top_troll,chinh_tri_xa_hoi,1
toplist,chinh_tri_xa_hoi,1
torai,vi_tinh,1
bruce_wayne,van_hoa,1
brothers_band,vi_tinh,1
tourmaline,doi_song,1
towel_museum,vi_tinh,1
brown,chinh_tri_xa_hoi,1
toàn,suc_khoe,1
tp_long_xuyên,vi_tinh,1
tra_sua,chinh_tri_xa_hoi,1
tracey,suc_khoe,1
trevor_mccain,chinh_tri_xa_hoi,1
boss_nhất_trung,vi_tinh,1
trâm_anh,suc_khoe,1
blackpink,van_hoa,1
blaire,vi_tinh,1
trung,doi_song,1
trung_cộng,the_gioi,1
trung_dũng,vi_tinh,1
trung_hoa_dân_quốc,the_gioi,1
truong_huy_san,van_hoa,1
truyen_hinh_vinh_long,chinh_tri_xa_hoi,1
trxx,van_hoa,1
blossomy,suc_khoe,1
try_visal,phap_luat,1
trà_dr_thanh,vi_tinh,1
trà_mi,vi_tinh,1
black_life_matters,the_gioi,1
biến_mình_thành,suc_khoe,1
tránh,suc_khoe,1
trâm,doi_song,1
bloomberg_news,the_gioi,1
bn,suc_khoe,1
trinh,doi_song,1
triệt_quyền_đạo,the_thao,1
trinh,phap_luat,1
trinh,van_hoa,1
booking,vi_tinh,1
trinh_thi_thuy,vi_tinh,1
book_discussion,vi_tinh,1
trithipnipa_thippaphada,chinh_tri_xa_hoi,1
triều_chính,chinh_tri_xa_hoi,1
bonnie_glaser,the_gioi,1
trump,doi_song,1
triệu_lệ_dĩnh,chinh_tri_xa_hoi,1
triệu_tử_dương,the_gioi,1
bong,vi_tinh,1
boi,phap_luat,1
boe,vi_tinh,1
trong,phap_luat,1
bob_duong,the_gioi,1
trụ_diệt,khoa_hoc,1
tt,the_gioi,1
tu,chinh_tri_xa_hoi,1
uông_minh_thắng,phap_luat,1
uon,doi_song,1
uon_gon,chinh_tri_xa_hoi,1
baho_road,chinh_tri_xa_hoi,1
bag_collection,doi_song,1
usti,vi_tinh,1
background_defocus,vi_tinh,1
uyên_pu,doi_song,1
uầy,doi_song,1
united_states_congress,vi_tinh,1
azzaro,doi_song,1
uống_trà_dr_thanh,vi_tinh,1
azzaro,chinh_tri_xa_hoi,1
v-pop,suc_khoe,1
va,doi_song,1
valdez,vi_tinh,1
valis,doi_song,1
uon,chinh_tri_xa_hoi,1
baho_road,vi_tinh,1
ayane,chinh_tri_xa_hoi,1
ucan,chinh_tri_xa_hoi,1
tặng_balo_acer,vi_tinh,1
tế_trực_tuyến,vi_tinh,1
tốc_chiến,vi_tinh,1
bamboo_airways,chinh_tri_xa_hoi,1
từ,vi_tinh,1
từ_vựng,chinh_tri_xa_hoi,1
tự,chinh_tri_xa_hoi,1
ucan,vi_tinh,1
uneven_tone,vi_tinh,1
udvq,vi_tinh,1
bale,the_thao,1
umbalena,chinh_tri_xa_hoi,1
un,doi_song,1
un,the_gioi,1
un,vi_tinh,1
uncle_bob,doi_song,1
van,vi_tinh,1
varane,the_thao,1
tất_văn_quân,van_hoa,1
vietjet_app,vi_tinh,1
vie_network,van_hoa,1
audrey_hepburn,van_hoa,1
vien_bach_mai,phap_luat,1
vien_kiem,phap_luat,1
vieon,chinh_tri_xa_hoi,1
viet_nam,vi_tinh,1
vietdefense,chinh_tri_xa_hoi,1
vietnamairlines,chinh_tri_xa_hoi,1
augustinô,vi_tinh,1
viettel_media,the_thao,1
viettel_pay,vi_tinh,1
viettel_store,vi_tinh,1
vignobles,doi_song,1
at_noble_house,vi_tinh,1
assistant,vi_tinh,1
asia_news,the_gioi,1
august_berg,kinh_doanh,1
vie_channel,vi_tinh,1
vardy,the_thao,1
available_immigetaly,vi_tinh,1
axel_witsel,the_thao,1
varus,suc_khoe,1
vascara,doi_song,1
awake_your_power,chinh_tri_xa_hoi,1
vaseline_lip_therapy,suc_khoe,1
vbiz,doi_song,1
vbiz,van_hoa,1
velocity,vi_tinh,1
video_editor,chinh_tri_xa_hoi,1
venta_flash,vi_tinh,1
veo,doi_song,1
vi,doi_song,1
vi_diệu,khoa_hoc,1
authorized_dealership,vi_tinh,1
austin_wells,vi_tinh,1
vibrant,chinh_tri_xa_hoi,1
ban,doi_song,1
tấn_beo,vi_tinh,1
tu,doi_song,1
tuỳ,chinh_tri_xa_hoi,1
tuấn_minh_group,vi_tinh,1
tuấn_trần,vi_tinh,1
tuần_mới,vi_tinh,1
tuần_vàng,vi_tinh,1
tuệ_giác,vi_tinh,1
tuổi_dần,vi_tinh,1
tuộc_sữa,doi_song,1
berlusconi,vi_tinh,1
bernie,the_gioi,1
tyrosine,suc_khoe,1
tàu,the_gioi,1
tám_tàng,the_gioi,1
tánh,khoa_hoc,1
táo_jazz_newzealand,vi_tinh,1
bering,kinh_doanh,1
benard_morrison,the_gioi,1
tuấn_lê,chinh_tri_xa_hoi,1
tuấn_hưng,vi_tinh,1
tìm,vi_tinh,1
tuyền_tăng,doi_song,1
tu_bui,vi_tinh,1
tu_diệt,khoa_hoc,1
tung,chinh_tri_xa_hoi,1
tunglete,vi_tinh,1
tuyến,chinh_tri_xa_hoi,1
tuyết,doi_song,1
tuyết_băng,vi_tinh,1
tuyển,chinh_tri_xa_hoi,1
bet,doi_song,1
tuyển_dụng_hà,chinh_tri_xa_hoi,1
beta_member,van_hoa,1
tuân_đính,chinh_tri_xa_hoi,1
tuấn,chinh_tri_xa_hoi,1
beta_cinemas,van_hoa,1
beta_cinema,doi_song,1
tuấn,vi_tinh,1
tây_trực,chinh_tri_xa_hoi,1
tìm_hiểu,suc_khoe,1
tản_đà,the_gioi,1
tượng_nữ_thần_tự,chinh_tri_xa_hoi,1
bao_dung,doi_song,1
tăng_thanh_hà,vi_tinh,1
tăng_tuyết_minh,the_gioi,1
tư,chinh_tri_xa_hoi,1
baník_ostrava,the_thao,1
tường_hân,doi_song,1
tưởng_giới_thạch,the_gioi,1
tượng_nữ_thần_tự,kinh_doanh,1
tú_uyên,suc_khoe,1
tạ,chinh_tri_xa_hoi,1
tạ_duy_manhnguyễn,vi_tinh,1
tạ_thu_chi,chinh_tri_xa_hoi,1
tạ_tư_nghiêm,vi_tinh,1
tải,chinh_tri_xa_hoi,1
tải,vi_tinh,1
banana_republic,van_hoa,1
túi,vi_tinh,1
tú_atus,doi_song,1
bella,vi_tinh,1
tôn_thất_thiệp,chinh_tri_xa_hoi,1
beijing,vi_tinh,1
batman_v_superman,van_hoa,1
tô_ngọc_bảo_linh,van_hoa,1
tôi_yêu_lòng_thành,chinh_tri_xa_hoi,1
tôm,doi_song,1
tôm_nõn,doi_song,1
tôn_ngộ_không,vi_tinh,1
tôn_thất_thiệp,doi_song,1
baquet,vi_tinh,1
bartee,vi_tinh,1
barrack_obama,the_gioi,1
tùng,phap_luat,1
tùng,the_thao,1
barack,the_gioi,1
tùng_sơn,chinh_tri_xa_hoi,1
tùng_sơn,doi_song,1
chun_fam,vi_tinh,1
ohm_pawat_chittsawangdee,vi_tinh,1
overpower_esports,vi_tinh,1
ji_hyo,doi_song,1
jsol,vi_tinh,1
dương_tử,khoa_hoc,1
jueves,vi_tinh,1
juice,suc_khoe,1
juicy_minessota,vi_tinh,1
julia,phap_luat,1
julia_cameron,doi_song,1
dương_triệu_vũ,chinh_tri_xa_hoi,1
dương_thanh_vàng,van_hoa,1
jun_phạm,chinh_tri_xa_hoi,1
dương_sĩ_kỳ,chinh_tri_xa_hoi,1
jun_phạm,vi_tinh,1
june,vi_tinh,1
jung_seok,chinh_tri_xa_hoi,1
jurgen_klopp,chinh_tri_xa_hoi,1
dương_quốc_chính,phap_luat,1
dương_nguyệt_ánh,the_gioi,1
dường_như,doi_song,1
joshua_wong,chinh_tri_xa_hoi,1
joshua,chinh_tri_xa_hoi,1
dạo,chinh_tri_xa_hoi,1
jimin_young,vi_tinh,1
jimmy_sham,chinh_tri_xa_hoi,1
jin,doi_song,1
jo_bo,van_hoa,1
jo_yoon_hee,van_hoa,1
jock_zonfrillo,doi_song,1
joe,the_gioi,1
joey_sui,chinh_tri_xa_hoi,1
josh_hawley,the_gioi,1
john_boyega,van_hoa,1
john_wesley,vi_tinh,1
john_wick,vi_tinh,1
jombie,vi_tinh,1
jong_kook,doi_song,1
joo_doo_soon,suc_khoe,1
josep_borrell,the_gioi,1
justin_bieber,doi_song,1
k,chinh_tri_xa_hoi,1
k,doi_song,1
khach,vi_tinh,1
dương_hoàng_yến,van_hoa,1
kelvin_khánh,phap_luat,1
dương_hoài_linh,the_gioi,1
kelvin_khánh,vi_tinh,1
kenhvn,vi_tinh,1
kento_momota,vi_tinh,1
kevin,vi_tinh,1
khang,the_thao,1
keana,vi_tinh,1
khang_việt,vi_tinh,1
khanh_văn_phạm,van_hoa,1
khiếptôi,the_gioi,1
khoa,vi_tinh,1
khoa_lê,vi_tinh,1
khoa_wzzzy,vi_tinh,1
dương_bảo_hân,vi_tinh,1
keith,chinh_tri_xa_hoi,1
kazehaya,chinh_tri_xa_hoi,1
dương_lâm_sửa_nát_mặt,vi_tinh,1
kancc,vi_tinh,1
k,van_hoa,1
k,vi_tinh,1
dương_lâm,chinh_tri_xa_hoi,1
k-pop,van_hoa,1
kaiju,van_hoa,1
kaiju_otachi,van_hoa,1
kakaka,doi_song,1
kang_ho_dong,vi_tinh,1
kayn,chinh_tri_xa_hoi,1
kant,phap_luat,1
kante,the_thao,1
karen_casey,khoa_hoc,1
karik,vi_tinh,1
kathy_sullivan,vi_tinh,1
kawabata,chinh_tri_xa_hoi,1
dương_hữu_nghĩa,vi_tinh,1
ji_suk_jin,vi_tinh,1
jetsky,chinh_tri_xa_hoi,1
exo_xiumin,doi_song,1
jessica_alba,van_hoa,1
hồ_xuân_phúc,vi_tinh,1
hồ_đức_hoà,chinh_tri_xa_hoi,1
hồi_phục,suc_khoe,1
hồng,chinh_tri_xa_hoi,1
erik,vi_tinh,1
erik,the_thao,1
erik,chinh_tri_xa_hoi,1
epoch_times_hồng_kông,the_gioi,1
hồng_anh,vi_tinh,1
hồng_kông_viên_cung_di,the_gioi,1
hồng_ngọc_pham,the_gioi,1
hồng_nhung,van_hoa,1
hồng_thánh_rita,vi_tinh,1
enterprise_singapore,kinh_doanh,1
engine_components,vi_tinh,1
hồng_đào,chinh_tri_xa_hoi,1
hứa_lợi_bình,the_gioi,1
hồ_văn_huê,doi_song,1
hồ_văn_bình,phap_luat,1
hồ_sơ,chinh_tri_xa_hoi,1
hồ_chí_minh,vi_tinh,1
evoluderm,vi_tinh,1
hẻoo,doi_song,1
hễ_trung_quốc,chinh_tri_xa_hoi,1
học_đột_phá_tiếng_anh,chinh_tri_xa_hoi,1
evan_ellis,chinh_tri_xa_hoi,1
hồ_chí_minh,doi_song,1
hồ_chí_minh,phap_luat,1
hồ_chí_minh_,chinh_tri_xa_hoi,1
hồ_ngọc_hà,van_hoa,1
hồ_công_danh,doi_song,1
hồ_duy_hải,chinh_tri_xa_hoi,1
hồ_duy_hải,doi_song,1
erling_hland,the_thao,1
hồ_ly,doi_song,1
hồ_ly,vi_tinh,1
hồ_nguyễn_trung,doi_song,1
hứa_quý_long,doi_song,1
i,chinh_tri_xa_hoi,1
ideathon,vi_tinh,1
jang_won_young,van_hoa,1
effective_saturday,vi_tinh,1
jake_pentecost,van_hoa,1
editor,vi_tinh,1
james_gunn,van_hoa,1
eden_hazard,the_thao,1
jane_birkin,van_hoa,1
janet,chinh_tri_xa_hoi,1
jason_miller,the_gioi,1
jacob,vi_tinh,1
javad_zarif,the_gioi,1
jeff_bezos,kinh_doanh,1
jemma_falkenmire,suc_khoe,1
dạo_này_già_quá,suc_khoe,1
jennifer_lawrence,van_hoa,1
jeong_tae_eul,van_hoa,1
jeremy_tam,chinh_tri_xa_hoi,1
jaeger_striker_eureka,van_hoa,1
jack_mignon,vi_tinh,1
ik_jun,the_gioi,1
iphonex,vi_tinh,1
ikon,vi_tinh,1
im_eun_seob,van_hoa,1
implant_giảm,suc_khoe,1
in_ear,vi_tinh,1
in_màu,vi_tinh,1
intern,chinh_tri_xa_hoi,1
invietnam,vi_tinh,1
iron_man,van_hoa,1
em,vi_tinh,1
emmanuel_macron,the_gioi,1
ishita,chinh_tri_xa_hoi,1
ishita,doi_song,1
iu,vi_tinh,1
ivy,van_hoa,1
jack,chinh_tri_xa_hoi,1
emma_watson,doi_song,1
khoảnh_khắc,chinh_tri_xa_hoi,1
khoảnh_khắc,doi_song,1
khoẻ,suc_khoe,1
khách_hàng,chinh_tri_xa_hoi,1
ldleking,vi_tinh,1
le_chung,doi_song,1
le_thanh_hoa,chinh_tri_xa_hoi,1
le_uyen_phuong,vi_tinh,1
lee,the_gioi,1
lee,van_hoa,1
lee_chong_wei,vi_tinh,1
lee_dong_gun,van_hoa,1
lee_dong_wook,van_hoa,1
lee_gon,van_hoa,1
lee_ji_hoon,van_hoa,1
lee_seung_gi,van_hoa,1
lee_tae_oh,van_hoa,1
lee_yongseob,suc_khoe,1
legends,vi_tinh,1
lemonade,vi_tinh,1
donald_trump,chinh_tri_xa_hoi,1
lazie,vi_tinh,1
lawrence,van_hoa,1
lavie,vi_tinh,1
dr_thanh,vi_tinh,1
dream_group,chinh_tri_xa_hoi,1
draxler,the_thao,1
lam_trường,doi_song,1
lamine_morro,vi_tinh,1
lan_anh_nguyễn,vi_tinh,1
lan_hương,van_hoa,1
lan_kim,chinh_tri_xa_hoi,1
lancôme,suc_khoe,1
dowload_gtv_plus,vi_tinh,1
lanh,phap_luat,1
large_pores,vi_tinh,1
laser_picosure,chinh_tri_xa_hoi,1
laser_picosure,suc_khoe,1
latxmi_lota,the_gioi,1
lavaux,doi_song,1
dr_amiya_bhaumik,vi_tinh,1
les_bleus,the_thao,1
leukerbad,doi_song,1
donald_j_trump,van_hoa,1
lisa,chinh_tri_xa_hoi,1
linh_linh,vi_tinh,1
linh_phan,suc_khoe,1
linh_thuy_ngo,van_hoa,1
link,chinh_tri_xa_hoi,1
link_full,vi_tinh,1
link_shopee,vi_tinh,1
lionel_messi,the_thao,1
diệt_khuẩn_tối_ưu,doi_song,1
linh,vi_tinh,1
liên_bỉnh_phát,chinh_tri_xa_hoi,1
liên_thư_hoa,the_gioi,1
liên_việt_postbank,the_thao,1
liên_âu,the_gioi,1
loa_điện_máy_xanh_tiên_lãng,chinh_tri_xa_hoi,1
diệp_linh_châu,chinh_tri_xa_hoi,1
diễm_my,van_hoa,1
linh_linh,chinh_tri_xa_hoi,1
diệu_linh,vi_tinh,1
liberal_arts,chinh_tri_xa_hoi,1
lily_allen,chinh_tri_xa_hoi,1
light_novel,vi_tinh,1
donald,the_gioi,1
like,chinh_tri_xa_hoi,1
like_thần_chưởng,vi_tinh,1
lil,vi_tinh,1
lil_knight,doi_song,1
lil_shady,vi_tinh,1
lime_orange,vi_tinh,1
linh,suc_khoe,1
limited_supply,vi_tinh,1
lin_dan,vi_tinh,1
lin_yi-cheng,the_gioi,1
lingard,phap_luat,1
dodoma,vi_tinh,1
diệu_nhi,vi_tinh,1
linh,phap_luat,1
lam,the_gioi,1
laemgate_infinite,vi_tinh,1
lady_gaga,van_hoa,1
dzung,doi_song,1
khởi_my,phap_luat,1
kiban,vi_tinh,1
kidsplaza,vi_tinh,1
kien_tranxuan,doi_song,1
kieu,vi_tinh,1
dàn_hoa,van_hoa,1
kim_cương,doi_song,1
kim_jong_un,doi_song,1
khởi_my,chinh_tri_xa_hoi,1
dylan_martinez,the_gioi,1
kim_jung_hwan,van_hoa,1
kim_minseok,doi_song,1
duyên_giác,khoa_hoc,1
kim_thanh,van_hoa,1
kim_tử_long,chinh_tri_xa_hoi,1
duyen_anh,vi_tinh,1
dũng,doi_song,1
khổng_tú_quỳnh,chinh_tri_xa_hoi,1
kim_yoo_jung,vi_tinh,1
dư_thị_thành,phap_luat,1
khách_hàng,phap_luat,1
khánh,chinh_tri_xa_hoi,1
khánh_vy,doi_song,1
khánh_vũ_kvd,van_hoa,1
khôi,doi_song,1
không,suc_khoe,1
không_chảy_máu,suc_khoe,1
dũng,van_hoa,1
khắc_tiệp,van_hoa,1
không_đau,suc_khoe,1
không_để_lại_sẹo,suc_khoe,1
khăn_xú,chinh_tri_xa_hoi,1
khả_như,van_hoa,1
khả_như_trần,doi_song,1
khải_huyền,khoa_hoc,1
khắc_ngọc,the_thao,1
duy_đức,chinh_tri_xa_hoi,1
kimmese,van_hoa,1
dries_mertens,vi_tinh,1
kỳ_hân,van_hoa,1
kudlow,the_gioi,1
kyo,vi_tinh,1
kyuhyun,vi_tinh,1
kình,doi_song,1
dung_thuỳ,suc_khoe,1
kính,chinh_tri_xa_hoi,1
kỳ_hân,doi_song,1
l,doi_song,1
kubaton,doi_song,1
du_uyên,vi_tinh,1
du,vi_tinh,1
la,vi_tinh,1
la_roche-posay,vi_tinh,1
labella,vi_tinh,1
droppy,vi_tinh,1
lactium,suc_khoe,1
duoi,chinh_tri_xa_hoi,1
kristy_pastor,suc_khoe,1
kitô,the_gioi,1
duy,vi_tinh,1
kiwi,chinh_tri_xa_hoi,1
kiên,chinh_tri_xa_hoi,1
kiên,doi_song,1
kiều_ly_phạm,doi_song,1
kiều_trang,chinh_tri_xa_hoi,1
kiểu_số,doi_song,1
kiện,chinh_tri_xa_hoi,1
knetz,van_hoa,1
duongkata,chinh_tri_xa_hoi,1
duth,chinh_tri_xa_hoi,1
koko,suc_khoe,1
komonoya,vi_tinh,1
koo,vi_tinh,1
koo_kwang-ming,the_gioi,1
kqmn,chinh_tri_xa_hoi,1
krazinoyze,vi_tinh,1
hằng,vi_tinh,1
hậu_cảnh,vi_tinh,1
origin_pod,vi_tinh,1
ha_nội,doi_song,1
hari,chinh_tri_xa_hoi,1
hari_won,doi_song,1
galaxy_a,vi_tinh,1
harry_vu,vi_tinh,1
hata,vi_tinh,1
havana_nha_trang,chinh_tri_xa_hoi,1
havertown,vi_tinh,1
gala_nhạc_việt,vi_tinh,1
hay,doi_song,1
gaga,the_thao,1
fuonk_nguyen,vi_tinh,1
he,vi_tinh,1
health_coaches,vi_tinh,1
hebora,suc_khoe,1
funtouch_os,vi_tinh,1
heerenveen,chinh_tri_xa_hoi,1
hello_anh,doi_song,1
hard_rock_cafe,vi_tinh,1
gao_zhikai,the_gioi,1
happy,chinh_tri_xa_hoi,1
gareth_bale,the_thao,1
gearshop,vi_tinh,1
hadapsar,vi_tinh,1
haha,doi_song,1
hahaa,suc_khoe,1
hai,doi_song,1
gay,chinh_tri_xa_hoi,1
haizz,chinh_tri_xa_hoi,1
hakika,vi_tinh,1
hanotours,vi_tinh,1
han_jae_suk,van_hoa,1
han_kuo-yu,the_gioi,1
hang,vi_tinh,1
hang_múa,chinh_tri_xa_hoi,1
hang_múa,doi_song,1
hanh_trinh,chinh_tri_xa_hoi,1
hanke,vi_tinh,1
hello_everyone,vi_tinh,1
hello_pasta,doi_song,1
hello_phillip,vi_tinh,1
free_neck,vi_tinh,1
fuang_xian,vi_tinh,1
hlaing_township,chinh_tri_xa_hoi,1
hlaing_township,vi_tinh,1
ftisland,vi_tinh,1
hoa_anh_đào,suc_khoe,1
fruit_twist_frutas_tropicais,vi_tinh,1
hoa_july,doi_song,1
hoa_sơn,vi_tinh,1
hiện_đại,doi_song,1
hoa_xuân_oánh,the_gioi,1
hoang_nhi,doi_song,1
hoi,chinh_tri_xa_hoi,1
hoi,doi_song,1
homestay_a_xuy,chinh_tri_xa_hoi,1
freddy,doi_song,1
hong,doi_song,1
hiệu_toà,the_gioi,1
hiểu_tiếng_anh,chinh_tri_xa_hoi,1
hen,chinh_tri_xa_hoi,1
funcard,vi_tinh,1
henry,doi_song,1
heo,chinh_tri_xa_hoi,1
funky_rap_version,vi_tinh,1
heol,doi_song,1
hiep_phat,vi_tinh,1
hieu,chinh_tri_xa_hoi,1
hieu,suc_khoe,1
full_show,vi_tinh,1
hiểu_khánh,doi_song,1
hilton_da_nang,chinh_tri_xa_hoi,1
hiroyuki_arakawa,khoa_hoc,1
hiwon,vi_tinh,1
hiên_suki,vi_tinh,1
hiêu,vi_tinh,1
hiếu,vi_tinh,1
fukuoka-yatsumiya,doi_song,1
habari,vi_tinh,1
geiszler,van_hoa,1
hậu,van_hoa,1
h__hen_niê,van_hoa,1
giáo_hoàng,doi_song,1
giáo_pháp,vi_tinh,1
giúp_đài_loan,the_gioi,1
giải_thưởng,kinh_doanh,1
giảm,vi_tinh,1
giảm_mạnh,the_thao,1
giảm_sốc,vi_tinh,1
giới,doi_song,1
gjlyyoooovbnkoikkkreserwwfzzaqkor,vi_tinh,1
ghẹ_sữa,doi_song,1
glasting_water_tint,vi_tinh,1
global_herbeauty,vi_tinh,1
goblin,van_hoa,1
godzilla,vi_tinh,1
ghé_gu,doi_song,1
goi,vi_tinh,1
gold_gold,vi_tinh,1
giáo,doi_song,1
gia,chinh_tri_xa_hoi,1
giá,doi_song,1
gia_đình_thông_thái,van_hoa,1
giang,vi_tinh,1
giang_h_nguyen,doi_song,1
giang_vo,doi_song,1
giftcode_báo_danh,vi_tinh,1
giftcode_chiến_ngạo_long,vi_tinh,1
gil_lê,doi_song,1
gil_lê,vi_tinh,1
gin_tuấn_kiệt,chinh_tri_xa_hoi,1
giày_thuỷ_tinh,van_hoa,1
giordano,vi_tinh,1
gipsy_avenger,van_hoa,1
gia_huy,the_gioi,1
giuse_thái_bỉnh_thuỵ,the_gioi,1
gia,doi_song,1
giuseppe_conte,the_gioi,1
giveaway,vi_tinh,1
ghé,chinh_tri_xa_hoi,1
goloa,the_thao,1
gong_cha,vi_tinh,1
genitoti,vi_tinh,1
gskin,vi_tinh,1
gu,chinh_tri_xa_hoi,1
george_w_bush,the_gioi,1
george_floyd,vi_tinh,1
guinness_world_records,suc_khoe,1
gumac,doi_song,1
gundam,van_hoa,1
general_spalding,the_gioi,1
grow_happy,vi_tinh,1
góc_bếp_thông_minh,chinh_tri_xa_hoi,1
gói_hot,vi_tinh,1
gói_icons,vi_tinh,1
găn,vi_tinh,1
gạch_coffee,the_thao,1
gấu_thỏ,chinh_tri_xa_hoi,1
h__hen_niê,doi_song,1
grow_peaceful,vi_tinh,1
group_zingplay,vi_tinh,1
good_moring,vi_tinh,1
grandvrio,chinh_tri_xa_hoi,1
gopro,vi_tinh,1
goretzka,the_thao,1
gottlieb,van_hoa,1
gout,suc_khoe,1
ghi,vi_tinh,1
grabmart,vi_tinh,1
gracie_breakdown,vi_tinh,1
get_household,vi_tinh,1
group_trường_người,chinh_tri_xa_hoi,1
gerry_hamstra,the_thao,1
green_tea,doi_song,1
green_trees,phap_luat,1
grenfell,the_gioi,1
griezmann,the_thao,1
grill,vi_tinh,1
group_làm_báo_sạch,phap_luat,1
hope,suc_khoe,1
hotel_hanoi,vi_tinh,1
hotel_saigon,vi_tinh,1
frank_miller,van_hoa,1
hà_ký,doi_song,1
hà_ngọc_diễm,the_thao,1
hà_noi,chinh_tri_xa_hoi,1
hà_noi,vi_tinh,1
fanta_lemon_limão,vi_tinh,1
fanpage_nước_mắt_thằng_hề,chinh_tri_xa_hoi,1
hà_nội,vi_tinh,1
hà_tăng,chinh_tri_xa_hoi,1
hà_tăng,doi_song,1
hà_tăng,van_hoa,1
hà_vy,suc_khoe,1
hàn_đức_long,phap_luat,1
hào,suc_khoe,1
hác_hải_đông,the_gioi,1
hán_việt,suc_khoe,1
hân,van_hoa,1
hâu,chinh_tri_xa_hoi,1
hà_hồ,vi_tinh,1
hà_hồ,doi_song,1
hà_huy_nhật_thành,phap_luat,1
hy,chinh_tri_xa_hoi,1
huỳnh_mỹ_linh,vi_tinh,1
huỳnh_thành_phát,doi_song,1
huỳnh_tiên,van_hoa,1
fb_phạm_minh_vũ,phap_luat,1
fb_nguyen_dang_khoa,phap_luat,1
huỳnh_văn_minh,phap_luat,1
huỳnh_văn_nén,phap_luat,1
hyun_bin,van_hoa,1
hà_duy,van_hoa,1
hà,chinh_tri_xa_hoi,1
fb_nghi_nguyễn,doi_song,1
hà,khoa_hoc,1
hà,phap_luat,1
hà,van_hoa,1
hà_an,chinh_tri_xa_hoi,1
hà_an,doi_song,1
hãy,suc_khoe,1
hãy,vi_tinh,1
fanpage_mcvmedia,vi_tinh,1
face_priority_auto-exposure,vi_tinh,1
hạ_vũ,doi_song,1
facial_scars,vi_tinh,1
facial_sagging,vi_tinh,1
hạnh_thuý,van_hoa,1
hạnh_thơ,van_hoa,1
hạooooo,vi_tinh,1
hạt,suc_khoe,1
fabriano-matelica,doi_song,1
hường,phap_luat,1
hải,vi_tinh,1
hải_phòng,vi_tinh,1
hải_thanh,the_thao,1
hải_yến,vi_tinh,1
hải_đường,vi_tinh,1
hậu,chinh_tri_xa_hoi,1
exotic_frutas_cítricas,vi_tinh,1
hạ_vi,vi_tinh,1
hương_đào,vi_tinh,1
hè,suc_khoe,1
hưng,vi_tinh,1
hô,suc_khoe,1
hô,vi_tinh,1
hô_chi_minh,chinh_tri_xa_hoi,1
hông_phuc,suc_khoe,1
fanpage,vi_tinh,1
fan_meeting_khởi_my,vi_tinh,1
hưng,chinh_tri_xa_hoi,1
family_mart,vi_tinh,1
hương_thảo,doi_song,1
hương_cảng_trước,the_gioi,1
familiar,vi_tinh,1
hương_giang,doi_song,1
falkenmire,suc_khoe,1
faker,the_thao,1
hương_mi,suc_khoe,1
hương_quỳnh,vi_tinh,1
huỳnh_lập,vi_tinh,1
fb_đăng_khoa,chinh_tri_xa_hoi,1
huỳnh_kim_sang,phap_luat,1
hoàng_mèo,doi_song,1
hoàng_chí,chinh_tri_xa_hoi,1
hoàng_cầu,doi_song,1
for_intermediate,vi_tinh,1
hoàng_gia,vi_tinh,1
hoàng_lan,doi_song,1
hoàng_lan_chi,the_gioi,1
hoàng_lê_an_nhiên,suc_khoe,1
hoàng_nguyễn_minh_hằng,phap_luat,1
hoàng_bình,chinh_tri_xa_hoi,1
hoàng_phúc_lâm,chinh_tri_xa_hoi,1
for_elementary,vi_tinh,1
hoàng_thuỷ,vi_tinh,1
hoàng_touliver,suc_khoe,1
hoàng_trạch_dân,the_thao,1
hoàng_văn_hữu,suc_khoe,1
hoàng_xuân_phú,phap_luat,1
hoàng_bảo,vi_tinh,1
for_upper_intermediate,vi_tinh,1
for_beginner,vi_tinh,1
hoà_nguyễn_hết,doi_song,1
frank_lampard,the_thao,1
fptshop,chinh_tri_xa_hoi,1
fox,vi_tinh,1
howard_gardner,suc_khoe,1
foundation_cô_khoan_mẫn,the_gioi,1
hoà_bình,phap_luat,1
hoà_minzy,doi_song,1
hoài_linh,van_hoa,1
hoàng,the_thao,1
hoài_lâm,van_hoa,1
hoàn_thành,van_hoa,1
hoàn_tiền,vi_tinh,1
hoàn_vũ,van_hoa,1
found_footage,chinh_tri_xa_hoi,1
hoàng,phap_luat,1
hoàng,suc_khoe,1
hoàng_yến,chinh_tri_xa_hoi,1
hoàng_đức,phap_luat,1
huỳnh_james,vi_tinh,1
huy_đức,doi_song,1
hutech-ers,chinh_tri_xa_hoi,1
hutech-ers,vi_tinh,1
huy,doi_song,1
filip_nguyễn,the_thao,1
huy,vi_tinh,1
huy_gà,vi_tinh,1
festive,chinh_tri_xa_hoi,1
huyền_quang,chinh_tri_xa_hoi,1
first_come,vi_tinh,1
huyền_trang,chinh_tri_xa_hoi,1
fendi,chinh_tri_xa_hoi,1
huôi,doi_song,1
fcb_eric,the_thao,1
fbker_tuan_le,chinh_tri_xa_hoi,1
huệ_bình,van_hoa,1
fbker_an_le,chinh_tri_xa_hoi,1
filip_nguyễn_cũng,the_thao,1
first_serve,vi_tinh,1
for_advanced,vi_tinh,1
flower_your,doi_song,1
follow_phương_mỹ_chi,vi_tinh,1
fogyma,vi_tinh,1
hoảng_nản,doi_song,1
hoặc,vi_tinh,1
htc,chinh_tri_xa_hoi,1
fly_amazing_stay,chinh_tri_xa_hoi,1
httpbitlyvinhlongtv,chinh_tri_xa_hoi,1
htv_dreamstv,vi_tinh,1
huong_lan,van_hoa,1
huan_tran,chinh_tri_xa_hoi,1
flash_sale,vi_tinh,1
hudson-odoi,the_thao,1
hue,chinh_tri_xa_hoi,1
hui_huiyao,the_gioi,1
fitflop,van_hoa,1
huong_lan,doi_song,1
loan,vi_tinh,1
lombardo,khoa_hoc,1
long,chinh_tri_xa_hoi,1
nguyễn_huyền,doi_song,1
nguyễn_năng_tĩnh,chinh_tri_xa_hoi,1
nguyễn_official,vi_tinh,1
nguyễn_phan,phap_luat,1
nguyễn_phan_tú_dung,chinh_tri_xa_hoi,1
combo_simple,chinh_tri_xa_hoi,1
nguyễn_phú_trọng,phap_luat,1
nguyễn_phú_trọng,the_gioi,1
nguyễn_phương_trâm,doi_song,1
nguyễn_quan_minh_hiếu,vi_tinh,1
nguyễn_quang,vi_tinh,1
combo,chinh_tri_xa_hoi,1
nguyễn_quốc,vi_tinh,1
nguyễn_quốc_thi,chinh_tri_xa_hoi,1
nguyễn_quốc_thi,vi_tinh,1
nguyễn_sin,kinh_doanh,1
nguyễn_sin,vi_tinh,1
nguyễn_sinh,chinh_tri_xa_hoi,1
nguyễn_ngọc_ân,chinh_tri_xa_hoi,1
nguyễn_ngọc_việt,chinh_tri_xa_hoi,1
committee,the_gioi,1
nguyễn_kiên,doi_song,1
nguyễn_hưng_quốc,chinh_tri_xa_hoi,1
nguyễn_hữu_chi,chinh_tri_xa_hoi,1
nguyễn_hữu_trí,chinh_tri_xa_hoi,1
nguyễn_hữu_trí,vi_tinh,1
nguyễn_hữu_tín,phap_luat,1
nguyễn_khắc_viện,chinh_tri_xa_hoi,1
nguyễn_kim,chinh_tri_xa_hoi,1
nguyễn_lan_anh,chinh_tri_xa_hoi,1
nguyễn_ngân,vi_tinh,1
nguyễn_linh,doi_song,1
nguyễn_liên,vi_tinh,1
nguyễn_lưu_quỳnh,vi_tinh,1
con,doi_song,1
con,chinh_tri_xa_hoi,1
nguyễn_minh_trường,vi_tinh,1
nguyễn_mode,chinh_tri_xa_hoi,1
nguyễn_sỹ_cương,chinh_tri_xa_hoi,1
nguyễn_thanh,phap_luat,1
nguyễn_thanh_hương,doi_song,1
cmd,phap_luat,1
nguyễn_trần_khánh_vân,van_hoa,1
coca-cola,vi_tinh,1
nguyễn_tường_thuỷ,chinh_tri_xa_hoi,1
nguyễn_tường_tuấn,the_gioi,1
nguyễn_việt_dũng,chinh_tri_xa_hoi,1
nguyễn_văn_huấn,chinh_tri_xa_hoi,1
co,chinh_tri_xa_hoi,1
nguyễn_văn_quyền,phap_luat,1
nguyễn_trung,vi_tinh,1
nguyễn_văn_quân,vi_tinh,1
nguyễn_văn_sang,phap_luat,1
nguyễn_văn_thể,chinh_tri_xa_hoi,1
nguyễn_văn_thể,phap_luat,1
nguyễn_văn_toàn,chinh_tri_xa_hoi,1
nguyễn_văn_tâm,vi_tinh,1
nguyễn_vũ_bình,chinh_tri_xa_hoi,1
coco_chanel,van_hoa,1
nguyễn_tri_thức,suc_khoe,1
nguyễn_thanh_hải,phap_luat,1
coi,chinh_tri_xa_hoi,1
nguyễn_thanh_quyền,suc_khoe,1
nguyễn_thanh_tùng,doi_song,1
nguyễn_thanh_xuân,phap_luat,1
color_man,chinh_tri_xa_hoi,1
nguyễn_thành_phong,chinh_tri_xa_hoi,1
nguyễn_thông,phap_luat,1
nguyễn_thị_bé_bảy,vi_tinh,1
nguyễn_thị_len,phap_luat,1
nguyễn_tiến_tường,chinh_tri_xa_hoi,1
nguyễn_thị_loan,phap_luat,1
nguyễn_thị_minh_khai,the_gioi,1
nguyễn_thị_miến,suc_khoe,1
nguyễn_thị_mộng_đang,phap_luat,1
nguyễn_thị_thuỷ,phap_luat,1
nguyễn_thị_trúc_tiên,van_hoa,1
nguyễn_tiến_dũng,phap_luat,1
nguyễn_hưng,van_hoa,1
con,suc_khoe,1
long,doi_song,1
nguyễn_hoà_bình,doi_song,1
naomba,vi_tinh,1
napas,vi_tinh,1
napoleon_hills,vi_tinh,1
nate_lambert,van_hoa,1
nathan_pacheco_enchaitmen,vi_tinh,1
nationwide_shipping,vi_tinh,1
nau_lanh,chinh_tri_xa_hoi,1
costar,suc_khoe,1
navrangpura,vi_tinh,1
cosmopolitan,chinh_tri_xa_hoi,1
near_than_lan_bus_stop,chinh_tri_xa_hoi,1
near_than_lan_bus_stop,vi_tinh,1
corpus_domini,chinh_tri_xa_hoi,1
neuer,the_thao,1
new_image,suc_khoe,1
news_rap_việt,vi_tinh,1
news_team,the_gioi,1
nano_skin,suc_khoe,1
nang,vi_tinh,1
courtois,chinh_tri_xa_hoi,1
nam_chuyên_viên_thiết,chinh_tri_xa_hoi,1
naitwa_lamine_morro,vi_tinh,1
nam,suc_khoe,1
covid,the_gioi,1
covid,chinh_tri_xa_hoi,1
nam_anh,vi_tinh,1
nam_anh_x_kn,doi_song,1
nam_cao,chinh_tri_xa_hoi,1
nam_em,chinh_tri_xa_hoi,1
nancy_pelosi,the_gioi,1
nam_hàn,suc_khoe,1
nam_larmes,vi_tinh,1
coutinho,chinh_tri_xa_hoi,1
nam_thư,van_hoa,1
nam_thư,vi_tinh,1
nam_trung,vi_tinh,1
namedomain_admin,vi_tinh,1
newsom,the_gioi,1
newvocab_everyday,vi_tinh,1
ng,doi_song,1
conan,doi_song,1
nguyenb__nguyenc,vi_tinh,1
nguyên_công,vi_tinh,1
nguyên_công_pc,vi_tinh,1
nguyên_hồng,chinh_tri_xa_hoi,1
nguyên_khang,the_thao,1
nguyên_ngọc,the_gioi,1
nguyên_phong,vi_tinh,1
nguyễn_bình,phap_luat,1
cong,vi_tinh,1
nguyễn_châu_giang,doi_song,1
nguyễn_cường,vi_tinh,1
nguyễn_diệu_linh,van_hoa,1
nguyễn_dương_thanh_long,vi_tinh,1
nguyễn_gia_trí,doi_song,1
con_bé,doi_song,1
nguyễn_hoà_bình,chinh_tri_xa_hoi,1
nguyen_phuong,vi_tinh,1
nguyen_minh_cuong,van_hoa,1
ngay,phap_luat,1
nghịch_cảnh,doi_song,1
corona_vũ_hán,the_thao,1
corona_vũ_hán,the_gioi,1
nghia_nguyen_trong,vi_tinh,1
corinto,chinh_tri_xa_hoi,1
nghiêm_hồng_nhung,van_hoa,1
consulate_general,vi_tinh,1
nghề_cắt,chinh_tri_xa_hoi,1
ngoc,chinh_tri_xa_hoi,1
nguyen_kim,vi_tinh,1
ngoc,phap_luat,1
ngon_garden,vi_tinh,1
ngu,suc_khoe,1
nguoi,phap_luat,1
nguoi_my,vi_tinh,1
nguyen_dinh_chieu,vi_tinh,1
nguyen_hoang_tuan,vi_tinh,1
nguyễn_vũ_bình,phap_luat,1
nguyễn_xuân_phúc,chinh_tri_xa_hoi,1
nguyễn_xuân_phúc,kinh_doanh,1
clinique,suc_khoe,1
châu_tinh_trì,van_hoa,1
now,vi_tinh,1
châu_khải_phong,chinh_tri_xa_hoi,1
noway,kinh_doanh,1
nowtable,doi_song,1
nu,chinh_tri_xa_hoi,1
nutridentiz,suc_khoe,1
nàng,chinh_tri_xa_hoi,1
nàng,vi_tinh,1
này,doi_song,1
này_dược_vương_quân,khoa_hoc,1
nâng_cao,vi_tinh,1
nên_detox_hàng_ngày,suc_khoe,1
nêu,chinh_tri_xa_hoi,1
nông_thị_xuân,the_gioi,1
núi_cúi,chinh_tri_xa_hoi,1
châu,chinh_tri_xa_hoi,1
novelty,vi_tinh,1
njbk,chinh_tri_xa_hoi,1
niệm_diệt,khoa_hoc,1
những_chia_sẻ_cuối,vi_tinh,1
nhật_linh,chinh_tri_xa_hoi,1
nhật_linh,doi_song,1
nhật_minh,suc_khoe,1
nhật_thảo,doi_song,1
nhện_nhọ_tom_holland,van_hoa,1
những_ai,doi_song,1
những_ai,vi_tinh,1
những_cái,doi_song,1
ninh_dương_lan_ngọc,van_hoa,1
những_kiểu,vi_tinh,1
những_điều,suc_khoe,1
những_đôi,doi_song,1
nick_fury,vi_tinh,1
chì,suc_khoe,1
nik_nguyen,the_gioi,1
nik_nguyen,vi_tinh,1
nạp_kim_cương,vi_tinh,1
chân_nhi,the_thao,1
nấu_ăn,doi_song,1
only_you,chinh_tri_xa_hoi,1
ok_fine,vi_tinh,1
olga_taon_y,vi_tinh,1
olivia_burton,kinh_doanh,1
one_belt_one_road,the_gioi,1
oneiric_diary,van_hoa,1
onescreen,vi_tinh,1
online_store,vi_tinh,1
chuyên_đề,chinh_tri_xa_hoi,1
giang_giang,suc_khoe,1
opodis_pharma,suc_khoe,1
oppo_a,vi_tinh,1
optimus_prime,vi_tinh,1
organizationdomain_whois_protection_service,vi_tinh,1
orient_semi_skeleton_small_second,vi_tinh,1
origani,suc_khoe,1
origin,vi_tinh,1
ohsawa,suc_khoe,1
chuyện_bỏ_đảng,vi_tinh,1
nắm,chinh_tri_xa_hoi,1
chánh_đẳng,khoa_hoc,1
nằm_mơ,doi_song,1
nếp_gạo_tẻ,chinh_tri_xa_hoi,1
nếu,chinh_tri_xa_hoi,1
nối_tóc_thảo_tây,chinh_tri_xa_hoi,1
nửa_giá,vi_tinh,1
nữ,vi_tinh,1
chân_lý_tuyệt_đối,khoa_hoc,1
obama,chinh_tri_xa_hoi,1
official_music_video,vi_tinh,1
chánh_giác,khoa_hoc,1
chuẩn,chinh_tri_xa_hoi,1
obito,vi_tinh,1
ocean_ball,vi_tinh,1
ocean_resort_danang,chinh_tri_xa_hoi,1
oeng_chakriya,phap_luat,1
off-topic,doi_song,1
nhật_hạ,kinh_doanh,1
nhận,vi_tinh,1
nhậm_gia_luân,van_hoa,1
ngô_đồng,chinh_tri_xa_hoi,1
ngô_hồng_phi,van_hoa,1
ngô_hữu_hà,suc_khoe,1
chứa,suc_khoe,1
chủ_nhật,chinh_tri_xa_hoi,1
ngô_kiến_huy,vi_tinh,1
ngô_lan_hương,the_thao,1
chụp_hình,vi_tinh,1
ngôn_ngữ_tự_nhiên,vi_tinh,1
chứng_diệt,khoa_hoc,1
chế_độ_phong_kiến,khoa_hoc,1
ngươi,doi_song,1
ngươi,khoa_hoc,1
người_ấy_là_ai,vi_tinh,1
ngại_dành_chút_gì_đó_cho_bản_thân,suc_khoe,1
chạm_superv,vi_tinh,1
ngọ,suc_khoe,1
ngô_anh_tuấn,phap_luat,1
ngân,suc_khoe,1
chương,chinh_tri_xa_hoi,1
nguyễn_đức_cảnh,vi_tinh,1
nguyễn_xuân_việt,van_hoa,1
clear_body_mist,vi_tinh,1
nguyễn_đình_bảng,van_hoa,1
nguyễn_đình_thục,chinh_tri_xa_hoi,1
classic_blue,vi_tinh,1
citizen,kinh_doanh,1
citi_rewards,vi_tinh,1
nguyễn_đức_hiền,chinh_tri_xa_hoi,1
chứng_minh_thư,chinh_tri_xa_hoi,1
nguyễn_đức_hậu,suc_khoe,1
citi_cash_back,vi_tinh,1
circle_k,vi_tinh,1
nguôn,vi_tinh,1
cinema_vietnam,vi_tinh,1
ngài,vi_tinh,1
cindy_thái_tài,van_hoa,1
ngọ_duy_hiểu,chinh_tri_xa_hoi,1
ngọc,the_thao,1
nhạc_hay_thì,doi_song,1
chí_thanh,chinh_tri_xa_hoi,1
nhung,phap_luat,1
nhuu,vi_tinh,1
nhà_trắng_morgan_ortagus,the_gioi,1
nhà_trắng_steve_bannon,the_gioi,1
nhân,chinh_tri_xa_hoi,1
chí_thanh,vi_tinh,1
nhã_nam,vi_tinh,1
nhã_phương,phap_luat,1
nhiều_chị,suc_khoe,1
nhã_phương,vi_tinh,1
nhím,doi_song,1
nhơn_phú_a,phap_luat,1
như_ai,chinh_tri_xa_hoi,1
nhưỡng,chinh_tri_xa_hoi,1
nhưỡng,phap_luat,1
nhược_mộng_,vi_tinh,1
nhung,doi_song,1
nhiều,suc_khoe,1
ngọc_giang,vi_tinh,1
ngọc_trinh,doi_song,1
ngọc_hà,suc_khoe,1
ngọc_lan_tây,doi_song,1
ngọc_sơn,van_hoa,1
ngọc_thu,chinh_tri_xa_hoi,1
ngọc_thuỷ,suc_khoe,1
ngọc_thắng,chinh_tri_xa_hoi,1
chính_xác,vi_tinh,1
ngọc_trinh,phap_luat,1
nhi_hoàng,doi_song,1
ngọc_trinh,van_hoa,1
chí_tài,vi_tinh,1
ngọc_trác,vi_tinh,1
ngủtôi,doi_song,1
nhanh_tại,vi_tinh,1
nhb,phap_luat,1
chí_thiện,van_hoa,1
nah,vi_tinh,1
covid-,the_gioi,1
cr,van_hoa,1
mall_hà_đông,doi_song,1
da_sạch,suc_khoe,1
lương_mạnh_hải,vi_tinh,1
lương_ngọc_khánh,vi_tinh,1
lương_thực,vi_tinh,1
da_có_kim_loại_nặng,suc_khoe,1
lương_xuân_trường,chinh_tri_xa_hoi,1
lương_xuân_việt,the_gioi,1
lương_đình_của,chinh_tri_xa_hoi,1
lạc,doi_song,1
d,vi_tinh,1
lạc_huệ_ninh,the_gioi,1
lại_ở,vi_tinh,1
lạy_chúa,doi_song,1
lả,phap_luat,1
lảo_thẩn,chinh_tri_xa_hoi,1
lần_detox_xong,suc_khoe,1
lập_trường,chinh_tri_xa_hoi,1
lương_hữu_phươc,phap_luat,1
lương_bằng_quang,phap_luat,1
lương,vi_tinh,1
lưu_hạc,the_gioi,1
daniel,chinh_tri_xa_hoi,1
lưu,doi_song,1
lưu_bình,phap_luat,1
danh,vi_tinh,1
lưu_bình_nhưỡng,phap_luat,1
lưu_giữ_độ_tươi_hoa_quả,doi_song,1
lưu_hoài_bảo_chi,chinh_tri_xa_hoi,1
lưu_ngọc_hoa,chinh_tri_xa_hoi,1
lương,doi_song,1
lưu_quang_vũ,chinh_tri_xa_hoi,1
lưu_triệu_giai,the_gioi,1
danh,khoa_hoc,1
dance_sport,van_hoa,1
dale_canergie,vi_tinh,1
daikiosan,vi_tinh,1
dabee,vi_tinh,1
lắp_camera_fpt,phap_luat,1
lễ_ban_mẫu,chinh_tri_xa_hoi,1
lỗ_tấn,doi_song,1
mai_xuân_bảo,vi_tinh,1
mai_phương,suc_khoe,1
cẩm_ly,doi_song,1
cần_thải_độc_thôi,suc_khoe,1
mai_phương,vi_tinh,1
mai_thiên_vân,van_hoa,1
mai_tiến_luật,phap_luat,1
mai_văn_hải,vi_tinh,1
mailisa,chinh_tri_xa_hoi,1
mai_phương,chinh_tri_xa_hoi,1
makano,doi_song,1
makano,vi_tinh,1
makeup,vi_tinh,1
makeup_saly_nguyễn,vi_tinh,1
mako_mori,van_hoa,1
cấn_thành,the_thao,1
cảnh_điềm,van_hoa,1
cẩm_xuân,vi_tinh,1
mai_ngọc_dễ,suc_khoe,1
cực_ngầu,van_hoa,1
madeinthestreet,vi_tinh,1
lời_nguyền_shirai,doi_song,1
lụa,suc_khoe,1
cực_lạc,khoa_hoc,1
m-tp,van_hoa,1
cờ_anh,vi_tinh,1
cộng_hoà,the_gioi,1
ma_yinglin,the_gioi,1
mai,chinh_tri_xa_hoi,1
mai_nguyên,vi_tinh,1
mai,doi_song,1
cố_đô,chinh_tri_xa_hoi,1
cố_tình,suc_khoe,1
mai_hắc_đế,chinh_tri_xa_hoi,1
mai_khôi,chinh_tri_xa_hoi,1
mai_khôi,doi_song,1
mai_nguyen,vi_tinh,1
lĩnh,chinh_tri_xa_hoi,1
daniel_james,van_hoa,1
lăng_hư_các,van_hoa,1
làn_da_trắng_không,suc_khoe,1
dien_quan_media,doi_song,1
dien_quan_media,chinh_tri_xa_hoi,1
dick,vi_tinh,1
democritus,doi_song,1
là,vi_tinh,1
dearmay,vi_tinh,1
làmmà,the_gioi,1
lâm,doi_song,1
luong,chinh_tri_xa_hoi,1
lâm_chấn_huy,doi_song,1
dean_baquet,vi_tinh,1
lâm_khánh_chi,van_hoa,1
lâm_nghi_chính,the_gioi,1
lâm_viên,the_gioi,1
lã_bố,doi_song,1
lã_thị_tú,phap_luat,1
luxury_boutique_hotel,doi_song,1
luo_huining,the_gioi,1
lê_bao_trung_nguyen,chinh_tri_xa_hoi,1
los_padres,vi_tinh,1
diễm,van_hoa,1
long,vi_tinh,1
discount_double,vi_tinh,1
long_nhật,vi_tinh,1
longle,vi_tinh,1
loreal,vi_tinh,1
disappointment,vi_tinh,1
lost_in_vietnam,vi_tinh,1
luiz,the_thao,1
lostbird,khoa_hoc,1
dino,vi_tinh,1
louis_vuitton,van_hoa,1
ls_đào_kim_lân,van_hoa,1
ltd,vi_tinh,1
dieu_nhi,vi_tinh,1
dien_quan_media,vi_tinh,1
deal_hot,doi_song,1
lê_diễn,doi_song,1
lý_văn_lượng,van_hoa,1
lê_đình_lượng,chinh_tri_xa_hoi,1
lê_văn_dũng,phap_luat,1
lê_văn_dương_em,phap_luat,1
lê_ái_dân,doi_song,1
lê_ánh,phap_luat,1
lê_đình_chức,phap_luat,1
lê_đình_doanh,phap_luat,1
david_p_goldman,the_gioi,1
lê_đình_uy,phap_luat,1
lê_trọng_hùng,phap_luat,1
lênnnn,doi_song,1
david_boyd,the_gioi,1
lý,the_gioi,1
darren_fletcher,the_thao,1
daniella_alvarez,van_hoa,1
daniella,van_hoa,1
lý_tiểu_long,the_thao,1
lê_văn_cuông,phap_luat,1
lê_thị_son,phap_luat,1
lê_dũng_vova,phap_luat,1
lê_khanh,van_hoa,1
lê_dương_bảo_lâm,vi_tinh,1
lê_giang,doi_song,1
deal_hot,chinh_tri_xa_hoi,1
lê_giang,vi_tinh,1
lê_hiếu,doi_song,1
lê_hải,doi_song,1
lê_hựu_hà,doi_song,1
lê_kiều_sương,van_hoa,1
lê_thị_phương_hồng,doi_song,1
lê_minh_trí,phap_luat,1
deal_cực_yêu,vi_tinh,1
deadpool,vi_tinh,1
lê_phương,doi_song,1
lê_quang_hùng,phap_luat,1
lê_thi_son,phap_luat,1
lê_thị_mai,suc_khoe,1
mall_hà_đông,chinh_tri_xa_hoi,1
manunited,vi_tinh,1
na,doi_song,1
manwa,chinh_tri_xa_hoi,1
mr_t,vi_tinh,1
mr_đàm,vi_tinh,1
mr_đình,chinh_tri_xa_hoi,1
cuomo,vi_tinh,1
ms_hoa,doi_song,1
ms_uyên,chinh_tri_xa_hoi,1
mtl,van_hoa,1
mua,chinh_tri_xa_hoi,1
mua_combo,vi_tinh,1
cuoi,doi_song,1
mua_sim,vi_tinh,1
mua_smartphone,chinh_tri_xa_hoi,1
cuodoichimnoidangcaychiadoimotnauaainguoiganhcho,vi_tinh,1
cung_di,the_gioi,1
mua_tivi,chinh_tri_xa_hoi,1
muay_việt,doi_song,1
must,chinh_tri_xa_hoi,1
moveek,vi_tinh,1
cuon,phap_luat,1
mot,vi_tinh,1
mok_hae_won,van_hoa,1
mint_hà_đông,vi_tinh,1
mint_trần_phú,vi_tinh,1
còn,vi_tinh,1
câu,the_thao,1
mnuchin,the_gioi,1
mod_minh_đức,vi_tinh,1
mohamed_salah,the_thao,1
cát_tường,chinh_tri_xa_hoi,1
morning_pages,doi_song,1
momo,vi_tinh,1
monday,vi_tinh,1
cát_thy,chinh_tri_xa_hoi,1
cánh_hồng_phai,vi_tinh,1
moon,vi_tinh,1
mori,chinh_tri_xa_hoi,1
cách,suc_khoe,1
cung,vi_tinh,1
cung,phap_luat,1
cung,doi_song,1
một,suc_khoe,1
mạc_văn_khoa,khoa_hoc,1
mạc_đĩnh_chi,chinh_tri_xa_hoi,1
mảnh_ngọc_cam,vi_tinh,1
mảnh_pet_hiếm,vi_tinh,1
mẩn_ngứa,suc_khoe,1
cr,vi_tinh,1
mễ_á_manh,doi_song,1
mở,vi_tinh,1
cre,van_hoa,1
mợ,doi_song,1
mức_ưu_đãi,doi_song,1
mỹ_dung,vi_tinh,1
mỹ_politico,the_gioi,1
mỹ_pompeo,the_gioi,1
mỹ_đình,doi_song,1
n,phap_luat,1
mạc_trát,doi_song,1
crimson_typhoon,van_hoa,1
my,phap_luat,1
mã_to_quán_đỉnh,vi_tinh,1
my,van_hoa,1
cual_te,vi_tinh,1
myuk_pd,vi_tinh,1
cris_phan,doi_song,1
máu_thánh_chúa,doi_song,1
máy_nhật,doi_song,1
mã_anh_lâm,the_gioi,1
mã_trường,chinh_tri_xa_hoi,1
mạc_cửu,chinh_tri_xa_hoi,1
mèo_vui_vẻ,chinh_tri_xa_hoi,1
mình,chinh_tri_xa_hoi,1
món_xưa,doi_song,1
mô_hình_giáo,vi_tinh,1
mũi_đẹp_tự_nhiên,suc_khoe,1
mười_ba,vi_tinh,1
mười_hương,chinh_tri_xa_hoi,1
mint,vi_tinh,1
mini_review,van_hoa,1
minh_vũ,suc_khoe,1
mega,vi_tinh,1
maybi,vi_tinh,1
cơm,doi_song,1
mazzola,doi_song,1
mbappe,the_thao,1
cơ_mà,doi_song,1
mcvnetwork,doi_song,1
cđã,phap_luat,1
mega_gs_music,vi_tinh,1
may,vi_tinh,1
megan_young,van_hoa,1
megane_prince,vi_tinh,1
meghan_murdoch,doi_song,1
melodic_rap,van_hoa,1
merries,vi_tinh,1
merries_nhật,vi_tinh,1
merzy_dewy_tint,vi_tinh,1
maybelline,vi_tinh,1
max_vũ,chinh_tri_xa_hoi,1
cúc_la_mã,doi_song,1
maria_grazia_chiuri,van_hoa,1
marc,doi_song,1
marco_leung,the_gioi,1
marco_rubio,the_gioi,1
marek_hamsik,vi_tinh,1
margaret_thatcher,the_gioi,1
mari_ikonen,chinh_tri_xa_hoi,1
maria,chinh_tri_xa_hoi,1
marian_rivera,van_hoa,1
max,vi_tinh,1
cương,vi_tinh,1
martens,vi_tinh,1
martin_lee,the_gioi,1
cơn_mưa_tình_đầu,doi_song,1
massage_gừng,vi_tinh,1
matthias_vanhullebusch,the_gioi,1
mau,doi_song,1
messi,chinh_tri_xa_hoi,1
messi,van_hoa,1
minh_tùng,chinh_tri_xa_hoi,1
minh_dự,vi_tinh,1
mikia,vi_tinh,1
milner,the_thao,1
mingyu,vi_tinh,1
công_trí,vi_tinh,1
công_trí,van_hoa,1
minh_digital,vi_tinh,1
công_thành_mobile,vi_tinh,1
minh_hiếu,the_thao,1
mien,vi_tinh,1
minh_hiếu,vi_tinh,1
minh_huyền,vi_tinh,1
minh_hải,vi_tinh,1
minh_hằng,chinh_tri_xa_hoi,1
công_phượng,vi_tinh,1
minh_phụng,chinh_tri_xa_hoi,1
minh_thọ,phap_luat,1
mikel_arteta,the_thao,1
midu,vi_tinh,1
messi,vi_tinh,1
công_vinh,doi_song,1
met_police,the_gioi,1
cùng,doi_song,1
mia,doi_song,1
mia,vi_tinh,1
mia_saigon,doi_song,1
michae,kinh_doanh,1
cù_thị_thuỷ,chinh_tri_xa_hoi,1
michael_berg,phap_luat,1
midu,doi_song,1
michael_bui,doi_song,1
michael_carrick,the_thao,1
michael_hyatt,khoa_hoc,1
michael_pompeo,the_gioi,1
micheal,phap_luat,1
micheal_berg,phap_luat,1
midu,chinh_tri_xa_hoi,1
ứng_tuyển,chinh_tri_xa_hoi,1